Symbol,Name,Price,Change,Change %,Volume,Avg Vol (3M),Market Cap,P/E Ratio(TTM),52 WkChange %
NVDA,NVIDIA Corporation,180.00,+6.28,+3.62%,147.053M,193.026M,4.39T,58.06,+72.66%
NIO,NIO Inc.,4.6000,-0.4100,-8.18%,88.966M,47.425M,10.93B,--,+22.02%
JOBY,"Joby Aviation, Inc.",20.39,+3.23,+18.82%,79.03M,31.131M,17.158B,--,+296.69%
COMM,"CommScope Holding Company, Inc.",14.51,+6.72,+86.26%,75.684M,6.526M,3.214B,53.74,+556.56%
TSLA,"Tesla, Inc.",309.26,+6.63,+2.19%,78.375M,107.104M,997.503B,185.19,+54.14%
AAL,American Airlines Group Inc.,11.27,+0.24,+2.18%,69.857M,61.301M,7.436B,13.42,+21.05%
AMZN,"Amazon.com, Inc.",211.65,-3.10,-1.44%,75.899M,43.17M,2.257T,32.26,+30.70%
LCID,"Lucid Group, Inc.",2.4100,-0.0100,-0.41%,71.449M,151.401M,7.405B,--,-22.01%
PLTR,Palantir Technologies Inc.,160.66,+6.39,+4.14%,71.937M,78.406M,379.143B,730.27,+504.21%
WBD,"Warner Bros. Discovery, Inc.",12.80,-0.07,-0.54%,64.632M,59.395M,31.668B,--,+69.09%
AEO,"American Eagle Outfitters, Inc.",13.28,+2.54,+23.65%,60.693M,10.472M,2.301B,13.55,-34.77%
AAPL,Apple Inc.,203.35,+0.97,+0.48%,73.452M,53.68M,3.018T,30.86,-1.87%
SOFI,"SoFi Technologies, Inc.",21.81,+0.58,+2.73%,57.817M,71.71M,26.089B,43.62,+239.19%
F,Ford Motor Company,10.95,+0.13,+1.20%,53.074M,88.993M,43.579B,14.04,+11.96%
VALE,Vale S.A.,9.85,+0.14,+1.44%,51.145M,42.225M,42.047B,8.07,-2.48%
PFE,Pfizer Inc.,23.53,+0.04,+0.17%,50.173M,41.532M,133.777B,17.05,-19.75%
INTC,Intel Corporation,19.50,+0.19,+0.98%,68.748M,81.756M,85.351B,--,-1.66%
AMD,"Advanced Micro Devices, Inc.",176.78,+5.13,+2.99%,51.648M,51.6M,286.631B,129.99,+35.80%
RGTI,"Rigetti Computing, Inc.",15.76,+1.64,+11.61%,49.288M,54.004M,5.087B,--,"+1,762.88%"
PCG,PG&E Corporation,15.04,+0.92,+6.52%,51.979M,25.44M,33.056B,13.93,-15.55%
RIVN,"Rivian Automotive, Inc.",12.41,+0.03,+0.24%,45.156M,32.792M,14.866B,--,-16.15%
HOOD,"Robinhood Markets, Inc.",106.37,+6.47,+6.48%,45.944M,44.327M,94.528B,53.99,+518.07%
YMM,Full Truck Alliance Co. Ltd.,10.99,+0.33,+3.10%,41.325M,8.435M,11.494B,21.98,+51.80%
APLD,Applied Digital Corporation,13.95,+1.43,+11.42%,40.926M,51.523M,3.648B,--,+231.35%
KEY,KeyCorp,17.83,+0.18,+1.02%,34.803M,19.29M,19.835B,--,+25.04%
ITUB,Itaú Unibanco Holding S.A.,6.43,+0.14,+2.28%,33.898M,30.444M,63.602B,9.06,+18.87%
KVUE,Kenvue Inc.,22.18,+0.59,+2.73%,32.707M,19.401M,42.584B,39.61,+6.33%
BBD,Banco Bradesco S.A.,2.81,0.0000,0.00%,32.314M,41.594M,27.318B,8.26,+12.40%
ACHR,Archer Aviation Inc.,10.43,+0.79,+8.20%,31.966M,39.907M,5.726B,--,+166.07%
HBAN,Huntington Bancshares Incorporated,16.27,+0.23,+1.43%,32.469M,30.506M,23.85B,12.14,+21.33%
SMCI,"Super Micro Computer, Inc.",58.23,+1.59,+2.81%,32.544M,44.899M,34.753B,31.65,-5.61%
QBTS,D-Wave Quantum Inc.,17.18,+0.80,+4.88%,30.28M,70.662M,5.368B,--,"+1,874.71%"
SNAP,Snap Inc.,9.47,+0.42,+4.64%,28.502M,34.496M,15.932B,--,+9.61%
HIMS,"Hims & Hers Health, Inc.",63.35,+0.80,+1.28%,34.957M,45.439M,14.18B,93.16,+275.30%
GOOGL,Alphabet Inc.,195.04,+5.91,+3.12%,31.27M,42.566M,2.363T,20.79,+23.22%
ON,ON Semiconductor Corporation,47.97,-8.85,-15.58%,30.484M,9.964M,20.046B,45.69,-29.98%
GRAB,Grab Holdings Limited,4.9600,+0.1600,+3.33%,26.249M,37.633M,20.217B,248.00,+56.47%
MARA,"MARA Holdings, Inc.",16.04,+0.54,+3.48%,29.692M,48.206M,5.942B,8.62,-7.01%
NU,Nu Holdings Ltd.,12.03,-0.02,-0.17%,25.032M,64.725M,58.038B,27.34,+8.77%
AVTR,"Avantor, Inc.",11.30,-0.06,-0.53%,24.847M,13.086M,7.704B,11.19,-55.07%
BAC,Bank of America Corporation,45.85,+0.19,+0.42%,24.906M,40.006M,339.609B,13.45,+24.19%
CLF,Cleveland-Cliffs Inc.,9.71,-0.35,-3.48%,23.916M,34.474M,4.803B,--,-27.32%
SOUN,"SoundHound AI, Inc.",10.64,+0.53,+5.24%,23.945M,38.152M,4.274B,--,+138.57%
CMCSA,Comcast Corporation,32.56,+0.04,+0.12%,29.151M,20.588M,120.218B,5.40,-16.34%
CX,"CEMEX, S.A.B. de C.V.",8.21,-0.19,-2.26%,22.239M,13.655M,12.177B,13.46,+33.93%
QS,QuantumScape Corporation,8.30,+0.04,+0.48%,22.067M,40.321M,4.698B,--,+41.40%
BTG,B2Gold Corp.,3.5700,+0.1300,+3.78%,21.694M,44.953M,4.717B,--,+26.60%
MSFT,Microsoft Corporation,535.64,+11.53,+2.20%,25.089M,19.67M,3.982T,39.21,+34.04%
LYFT,"Lyft, Inc.",14.08,+0.46,+3.38%,20.102M,17.032M,5.923B,93.87,+28.35%
NVO,Novo Nordisk A/S,48.81,+0.62,+1.29%,20.619M,13.117M,215.922B,13.37,-62.49%
RIG,Transocean Ltd.,2.8100,-0.0100,-0.35%,19.549M,38.392M,2.482B,--,-44.36%
RKT,"Rocket Companies, Inc.",16.88,+0.34,+2.06%,20.059M,17.054M,35.628B,--,-7.86%
NOK,Nokia Oyj,4.0900,+0.0400,+0.99%,18.868M,18.7M,22.017B,21.53,+10.24%
GOOG,Alphabet Inc.,195.75,+5.80,+3.05%,23.224M,28.417M,2.363T,20.87,+21.93%
AGNC,AGNC Investment Corp.,9.63,+0.15,+1.58%,19.377M,24.774M,10.032B,32.10,-3.60%
INFY,Infosys Limited,16.48,+0.07,+0.43%,18.306M,12.409M,70.341B,21.40,-21.49%
RXRX,"Recursion Pharmaceuticals, Inc.",5.80,+0.12,+2.11%,18.126M,28.337M,2.515B,--,-13.56%
T,AT&T Inc.,27.68,-0.07,-0.25%,17.651M,32.756M,197.923B,15.82,+44.24%
LYG,Lloyds Banking Group plc,4.4100,+0.1155,+2.69%,17.204M,17.212M,65.815B,12.60,+58.06%
KMI,"Kinder Morgan, Inc.",28.28,+0.18,+0.64%,16.636M,13.861M,62.84B,23.18,+36.88%
DOW,Dow Inc.,21.59,-0.20,-0.92%,16.308M,12.984M,15.304B,--,-58.86%
U,Unity Software Inc.,34.01,+2.18,+6.85%,16.269M,14.111M,14.138B,--,+138.67%
RIOT,"Riot Platforms, Inc.",11.42,+0.39,+3.54%,17.245M,39.549M,4.221B,--,+35.79%
UNH,UnitedHealth Group Incorporated,240.98,+3.21,+1.35%,16.061M,20.256M,218.603B,10.43,-57.60%
ABEV,Ambev S.A.,2.2100,+0.0300,+1.38%,16.011M,29.947M,34.459B,13.00,+3.76%
OKLO,Oklo Inc.,76.41,+4.92,+6.88%,16.181M,21.991M,11.261B,--,+869.67%
LUMN,"Lumen Technologies, Inc.",3.7500,+0.0400,+1.08%,15.712M,11.36M,3.848B,--,-25.00%
KGC,Kinross Gold Corporation,17.26,+1.05,+6.48%,15.093M,20.053M,21.036B,13.92,+100.93%
AVGO,Broadcom Inc.,297.72,+9.08,+3.15%,16.948M,20.995M,1.4T,108.66,+106.86%
CMG,"Chipotle Mexican Grill, Inc.",42.88,+0.36,+0.85%,15.082M,14.995M,57.497B,37.95,-20.71%
BCS,Barclays PLC,19.32,+0.22,+1.15%,14.794M,15.894M,68.099B,8.99,+80.22%
IONQ,"IonQ, Inc.",39.86,+1.74,+4.56%,14.89M,23.199M,11.611B,--,+452.84%
PBR,Petróleo Brasileiro S.A. - Petrobras,12.76,+0.07,+0.55%,14.883M,22.258M,78.188B,9.52,-7.27%
AMCR,Amcor plc,9.40,+0.10,+1.08%,14.799M,26.051M,21.539B,16.79,-10.39%
XOM,Exxon Mobil Corporation,107.37,-2.27,-2.07%,14.682M,16.755M,457.745B,15.25,-5.95%
HPE,Hewlett Packard Enterprise Company,20.02,+0.21,+1.06%,14.676M,17.968M,26.271B,19.25,+16.06%
RDDT,"Reddit, Inc.",201.76,+13.12,+6.96%,14.949M,8.315M,37.761B,90.07,+271.16%
TEVA,Teva Pharmaceutical Industries Limited,15.69,+0.31,+2.02%,14.444M,12.164M,18.107B,--,-7.21%
NCLH,Norwegian Cruise Line Holdings Ltd.,25.34,+0.84,+3.43%,14.374M,15.106M,11.322B,17.36,+63.48%
CCL,Carnival Corporation & plc,29.72,+0.65,+2.24%,14.114M,24.096M,40.297B,15.56,+104.40%
WFC,Wells Fargo & Company,77.58,-0.20,-0.26%,13.885M,17.021M,249.836B,13.33,+48.17%
MP,MP Materials Corp.,65.42,+1.73,+2.72%,13.593M,14.585M,11.584B,--,+495.81%
CSX,CSX Corporation,35.46,+0.45,+1.29%,13.544M,16.784M,66.107B,21.75,+4.73%
RBLX,Roblox Corporation,130.70,+5.67,+4.53%,13.543M,8.828M,90.607B,--,+246.96%
BP,BP p.l.c.,32.49,+0.74,+2.33%,13.542M,9.794M,83.828B,--,-1.37%
OSCR,"Oscar Health, Inc.",13.84,+0.26,+1.91%,13.505M,24.367M,3.525B,34.60,-19.67%
ET,Energy Transfer LP,17.790.00(0.00%),0.00,0.00%,13.832M,13.164M,61.051B,13.48,+11.26%
META,"Meta Platforms, Inc.",776.37,+26.36,+3.51%,15.622M,12.666M,1.95T,28.17,+57.13%
RF,Regions Financial Corporation,25.18,+0.29,+1.17%,13.331M,10.588M,22.511B,11.77,+21.70%
PSLV,Sprott Physical Silver Trust,12.69,+0.17,+1.36%,13.267M,29.977M,6.686B,4.17,+36.75%
CORZ,"Core Scientific, Inc.",13.65,+1.00,+7.91%,13.243M,17.722M,4.145B,--,+40.58%
HL,Hecla Mining Company,5.97,+0.28,+4.92%,13.228M,20.85M,3.776B,49.75,+23.09%
AUR,"Aurora Innovation, Inc.",5.96,+0.31,+5.49%,13.159M,25.125M,10.998B,--,+69.32%
SMR,NuScale Power Corporation,43.38,-1.05,-2.36%,13.108M,14.49M,5.786B,--,+433.58%
UBER,"Uber Technologies, Inc.",88.43,+1.52,+1.75%,15.058M,21.078M,184.922B,15.49,+36.32%
PTON,"Peloton Interactive, Inc.",6.96,+0.36,+5.45%,12.929M,14.179M,2.774B,--,+126.71%
GGB,Gerdau S.A.,2.9200,+0.0600,+2.10%,12.912M,14.278M,5.508B,10.07,-3.63%
WMT,Walmart Inc.,99.59,+1.10,+1.12%,12.906M,16.459M,794.77B,42.56,+47.02%
WIT,Wipro Limited,2.6700,-0.0100,-0.37%,12.843M,6.01M,29.53B,17.80,-8.72%
CSCO,"Cisco Systems, Inc.",68.49,+1.38,+2.06%,15.818M,19.742M,271.22B,27.96,+51.66%
