#,Name,Total,HP,Attack,Defense,Sp. Atk,Sp. Def,Speed,Primary Type
1,Bulbasaur,318,45,49,49,65,65,45,Grass
2,Ivysaur,405,60,62,63,80,80,60,Grass
3,Venusaur,525,80,82,83,100,100,80,Grass
3,Venusaur  Mega Venusaur,625,80,100,123,122,120,80,Grass
4,Charmander,309,39,52,43,60,50,65,Fire
5,Charmeleon,405,58,64,58,80,65,80,Fire
6,Charizard,534,78,84,78,109,85,100,Fire
6,Charizard  Mega Charizard X,634,78,130,111,130,85,100,Fire
6,Charizard  Mega Charizard Y,634,78,104,78,159,115,100,Fire
7,Squirtle,314,44,48,65,50,64,43,Water
8,Wartortle,405,59,63,80,65,80,58,Water
9,Blastoise,530,79,83,100,85,105,78,Water
9,Blastoise  Mega Blastoise,630,79,103,120,135,115,78,Water
10,Caterpie,195,45,30,35,20,20,45,Bug
11,Metapod,205,50,20,55,25,25,30,Bug
12,Butterfree,395,60,45,50,90,80,70,Bug
13,Weedle,195,40,35,30,20,20,50,Bug
14,Kakuna,205,45,25,50,25,25,35,Bug
15,Beedrill,395,65,90,40,45,80,75,Bug
15,Beedrill  Mega Beedrill,495,65,150,40,15,80,145,Bug
16,Pidgey,251,40,45,40,35,35,56,Normal
17,Pidgeotto,349,63,60,55,50,50,71,Normal
18,Pidgeot,479,83,80,75,70,70,101,Normal
18,Pidgeot  Mega Pidgeot,579,83,80,80,135,80,121,Normal
19,Rattata,253,30,56,35,25,35,72,Normal
19,Rattata  Alolan Rattata,253,30,56,35,25,35,72,Dark
20,Raticate,413,55,81,60,50,70,97,Normal
20,Raticate  Alolan Raticate,413,75,71,70,40,80,77,Dark
21,Spearow,262,40,60,30,31,31,70,Normal
22,Fearow,442,65,90,65,61,61,100,Normal
23,Ekans,288,35,60,44,40,54,55,Poison
24,Arbok,448,60,95,69,65,79,80,Poison
25,Pikachu,320,35,55,40,50,50,90,Electric
25,Pikachu  Partner Pikachu,430,45,80,50,75,60,120,Electric
26,Raichu,485,60,90,55,90,80,110,Electric
26,Raichu  Alolan Raichu,485,60,85,50,95,85,110,Electric
27,Sandshrew,300,50,75,85,20,30,40,Ground
27,Sandshrew  Alolan Sandshrew,300,50,75,90,10,35,40,Ice
28,Sandslash,450,75,100,110,45,55,65,Ground
28,Sandslash  Alolan Sandslash,450,75,100,120,25,65,65,Ice
29,Nidoran♀,275,55,47,52,40,40,41,Poison
30,Nidorina,365,70,62,67,55,55,56,Poison
31,Nidoqueen,505,90,92,87,75,85,76,Poison
32,Nidoran♂,273,46,57,40,40,40,50,Poison
33,Nidorino,365,61,72,57,55,55,65,Poison
34,Nidoking,505,81,102,77,85,75,85,Poison
35,Clefairy,323,70,45,48,60,65,35,Fairy
36,Clefable,483,95,70,73,95,90,60,Fairy
37,Vulpix,299,38,41,40,50,65,65,Fire
37,Vulpix  Alolan Vulpix,299,38,41,40,50,65,65,Ice
38,Ninetales,505,73,76,75,81,100,100,Fire
38,Ninetales  Alolan Ninetales,505,73,67,75,81,100,109,Ice
39,Jigglypuff,270,115,45,20,45,25,20,Normal
40,Wigglytuff,435,140,70,45,85,50,45,Normal
41,Zubat,245,40,45,35,30,40,55,Poison
42,Golbat,455,75,80,70,65,75,90,Poison
43,Oddish,320,45,50,55,75,65,30,Grass
44,Gloom,395,60,65,70,85,75,40,Grass
45,Vileplume,490,75,80,85,110,90,50,Grass
46,Paras,285,35,70,55,45,55,25,Bug
47,Parasect,405,60,95,80,60,80,30,Bug
48,Venonat,305,60,55,50,40,55,45,Bug
49,Venomoth,450,70,65,60,90,75,90,Bug
50,Diglett,265,10,55,25,35,45,95,Ground
50,Diglett  Alolan Diglett,265,10,55,30,35,45,90,Ground
51,Dugtrio,425,35,100,50,50,70,120,Ground
51,Dugtrio  Alolan Dugtrio,425,35,100,60,50,70,110,Ground
52,Meowth,290,40,45,35,40,40,90,Normal
52,Meowth  Alolan Meowth,290,40,35,35,50,40,90,Dark
52,Meowth  Galarian Meowth,290,50,65,55,40,40,40,Steel
53,Persian,440,65,70,60,65,65,115,Normal
53,Persian  Alolan Persian,440,65,60,60,75,65,115,Dark
54,Psyduck,320,50,52,48,65,50,55,Water
55,Golduck,500,80,82,78,95,80,85,Water
56,Mankey,305,40,80,35,35,45,70,Fighting
57,Primeape,455,65,105,60,60,70,95,Fighting
58,Growlithe,350,55,70,45,70,50,60,Fire
58,Growlithe  Hisuian Growlithe,350,60,75,45,65,50,55,Fire
59,Arcanine,555,90,110,80,100,80,95,Fire
59,Arcanine  Hisuian Arcanine,555,95,115,80,95,80,90,Fire
60,Poliwag,300,40,50,40,40,40,90,Water
61,Poliwhirl,385,65,65,65,50,50,90,Water
62,Poliwrath,510,90,95,95,70,90,70,Water
63,Abra,310,25,20,15,105,55,90,Psychic
64,Kadabra,400,40,35,30,120,70,105,Psychic
65,Alakazam,500,55,50,45,135,95,120,Psychic
65,Alakazam  Mega Alakazam,600,55,50,65,175,105,150,Psychic
66,Machop,305,70,80,50,35,35,35,Fighting
67,Machoke,405,80,100,70,50,60,45,Fighting
68,Machamp,505,90,130,80,65,85,55,Fighting
69,Bellsprout,300,50,75,35,70,30,40,Grass
70,Weepinbell,390,65,90,50,85,45,55,Grass
71,Victreebel,490,80,105,65,100,70,70,Grass
72,Tentacool,335,40,40,35,50,100,70,Water
73,Tentacruel,515,80,70,65,80,120,100,Water
74,Geodude,300,40,80,100,30,30,20,Rock
74,Geodude  Alolan Geodude,300,40,80,100,30,30,20,Rock
75,Graveler,390,55,95,115,45,45,35,Rock
75,Graveler  Alolan Graveler,390,55,95,115,45,45,35,Rock
76,Golem,495,80,120,130,55,65,45,Rock
76,Golem  Alolan Golem,495,80,120,130,55,65,45,Rock
77,Ponyta,410,50,85,55,65,65,90,Fire
77,Ponyta  Galarian Ponyta,410,50,85,55,65,65,90,Psychic
78,Rapidash,500,65,100,70,80,80,105,Fire
78,Rapidash  Galarian Rapidash,500,65,100,70,80,80,105,Psychic
79,Slowpoke,315,90,65,65,40,40,15,Water
79,Slowpoke  Galarian Slowpoke,315,90,65,65,40,40,15,Psychic
80,Slowbro,490,95,75,110,100,80,30,Water
80,Slowbro  Mega Slowbro,590,95,75,180,130,80,30,Water
80,Slowbro  Galarian Slowbro,490,95,100,95,100,70,30,Poison
81,Magnemite,325,25,35,70,95,55,45,Electric
82,Magneton,465,50,60,95,120,70,70,Electric
83,Farfetch'd,377,52,90,55,58,62,60,Normal
83,Farfetch'd  Galarian Farfetch'd,377,52,95,55,58,62,55,Fighting
84,Doduo,310,35,85,45,35,35,75,Normal
85,Dodrio,470,60,110,70,60,60,110,Normal
86,Seel,325,65,45,55,45,70,45,Water
87,Dewgong,475,90,70,80,70,95,70,Water
88,Grimer,325,80,80,50,40,50,25,Poison
88,Grimer  Alolan Grimer,325,80,80,50,40,50,25,Poison
89,Muk,500,105,105,75,65,100,50,Poison
89,Muk  Alolan Muk,500,105,105,75,65,100,50,Poison
90,Shellder,305,30,65,100,45,25,40,Water
91,Cloyster,525,50,95,180,85,45,70,Water
92,Gastly,310,30,35,30,100,35,80,Ghost
93,Haunter,405,45,50,45,115,55,95,Ghost
94,Gengar,500,60,65,60,130,75,110,Ghost
94,Gengar  Mega Gengar,600,60,65,80,170,95,130,Ghost
95,Onix,385,35,45,160,30,45,70,Rock
96,Drowzee,328,60,48,45,43,90,42,Psychic
97,Hypno,483,85,73,70,73,115,67,Psychic
98,Krabby,325,30,105,90,25,25,50,Water
99,Kingler,475,55,130,115,50,50,75,Water
100,Voltorb,330,40,30,50,55,55,100,Electric
100,Voltorb  Hisuian Voltorb,330,40,30,50,55,55,100,Electric
101,Electrode,490,60,50,70,80,80,150,Electric
101,Electrode  Hisuian Electrode,490,60,50,70,80,80,150,Electric
102,Exeggcute,325,60,40,80,60,45,40,Grass
103,Exeggutor,530,95,95,85,125,75,55,Grass
103,Exeggutor  Alolan Exeggutor,530,95,105,85,125,75,45,Grass
104,Cubone,320,50,50,95,40,50,35,Ground
105,Marowak,425,60,80,110,50,80,45,Ground
105,Marowak  Alolan Marowak,425,60,80,110,50,80,45,Fire
106,Hitmonlee,455,50,120,53,35,110,87,Fighting
107,Hitmonchan,455,50,105,79,35,110,76,Fighting
108,Lickitung,385,90,55,75,60,75,30,Normal
109,Koffing,340,40,65,95,60,45,35,Poison
110,Weezing,490,65,90,120,85,70,60,Poison
110,Weezing  Galarian Weezing,490,65,90,120,85,70,60,Poison
111,Rhyhorn,345,80,85,95,30,30,25,Ground
112,Rhydon,485,105,130,120,45,45,40,Ground
113,Chansey,450,250,5,5,35,105,50,Normal
114,Tangela,435,65,55,115,100,40,60,Grass
115,Kangaskhan,490,105,95,80,40,80,90,Normal
115,Kangaskhan  Mega Kangaskhan,590,105,125,100,60,100,100,Normal
116,Horsea,295,30,40,70,70,25,60,Water
117,Seadra,440,55,65,95,95,45,85,Water
118,Goldeen,320,45,67,60,35,50,63,Water
119,Seaking,450,80,92,65,65,80,68,Water
120,Staryu,340,30,45,55,70,55,85,Water
121,Starmie,520,60,75,85,100,85,115,Water
122,Mr. Mime,460,40,45,65,100,120,90,Psychic
122,Mr. Mime  Galarian Mr. Mime,460,50,65,65,90,90,100,Ice
123,Scyther,500,70,110,80,55,80,105,Bug
124,Jynx,455,65,50,35,115,95,95,Ice
125,Electabuzz,490,65,83,57,95,85,105,Electric
126,Magmar,495,65,95,57,100,85,93,Fire
127,Pinsir,500,65,125,100,55,70,85,Bug
127,Pinsir  Mega Pinsir,600,65,155,120,65,90,105,Bug
128,Tauros,490,75,100,95,40,70,110,Normal
128,Tauros  Combat Breed,490,75,110,105,30,70,100,Fighting
128,Tauros  Blaze Breed,490,75,110,105,30,70,100,Fighting
128,Tauros  Aqua Breed,490,75,110,105,30,70,100,Fighting
129,Magikarp,200,20,10,55,15,20,80,Water
130,Gyarados,540,95,125,79,60,100,81,Water
130,Gyarados  Mega Gyarados,640,95,155,109,70,130,81,Water
131,Lapras,535,130,85,80,85,95,60,Water
132,Ditto,288,48,48,48,48,48,48,Normal
133,Eevee,325,55,55,50,45,65,55,Normal
133,Eevee  Partner Eevee,435,65,75,70,65,85,75,Normal
134,Vaporeon,525,130,65,60,110,95,65,Water
135,Jolteon,525,65,65,60,110,95,130,Electric
136,Flareon,525,65,130,60,95,110,65,Fire
137,Porygon,395,65,60,70,85,75,40,Normal
138,Omanyte,355,35,40,100,90,55,35,Rock
139,Omastar,495,70,60,125,115,70,55,Rock
140,Kabuto,355,30,80,90,55,45,55,Rock
141,Kabutops,495,60,115,105,65,70,80,Rock
142,Aerodactyl,515,80,105,65,60,75,130,Rock
142,Aerodactyl  Mega Aerodactyl,615,80,135,85,70,95,150,Rock
143,Snorlax,540,160,110,65,65,110,30,Normal
144,Articuno,580,90,85,100,95,125,85,Ice
144,Articuno  Galarian Articuno,580,90,85,85,125,100,95,Psychic
145,Zapdos,580,90,90,85,125,90,100,Electric
145,Zapdos  Galarian Zapdos,580,90,125,90,85,90,100,Fighting
146,Moltres,580,90,100,90,125,85,90,Fire
146,Moltres  Galarian Moltres,580,90,85,90,100,125,90,Dark
147,Dratini,300,41,64,45,50,50,50,Dragon
148,Dragonair,420,61,84,65,70,70,70,Dragon
149,Dragonite,600,91,134,95,100,100,80,Dragon
150,Mewtwo,680,106,110,90,154,90,130,Psychic
150,Mewtwo  Mega Mewtwo X,780,106,190,100,154,100,130,Psychic
150,Mewtwo  Mega Mewtwo Y,780,106,150,70,194,120,140,Psychic
151,Mew,600,100,100,100,100,100,100,Psychic
152,Chikorita,318,45,49,65,49,65,45,Grass
153,Bayleef,405,60,62,80,63,80,60,Grass
154,Meganium,525,80,82,100,83,100,80,Grass
155,Cyndaquil,309,39,52,43,60,50,65,Fire
156,Quilava,405,58,64,58,80,65,80,Fire
157,Typhlosion,534,78,84,78,109,85,100,Fire
157,Typhlosion  Hisuian Typhlosion,534,73,84,78,119,85,95,Fire
158,Totodile,314,50,65,64,44,48,43,Water
159,Croconaw,405,65,80,80,59,63,58,Water
160,Feraligatr,530,85,105,100,79,83,78,Water
161,Sentret,215,35,46,34,35,45,20,Normal
162,Furret,415,85,76,64,45,55,90,Normal
163,Hoothoot,262,60,30,30,36,56,50,Normal
164,Noctowl,452,100,50,50,86,96,70,Normal
165,Ledyba,265,40,20,30,40,80,55,Bug
166,Ledian,390,55,35,50,55,110,85,Bug
167,Spinarak,250,40,60,40,40,40,30,Bug
168,Ariados,400,70,90,70,60,70,40,Bug
169,Crobat,535,85,90,80,70,80,130,Poison
170,Chinchou,330,75,38,38,56,56,67,Water
171,Lanturn,460,125,58,58,76,76,67,Water
172,Pichu,205,20,40,15,35,35,60,Electric
173,Cleffa,218,50,25,28,45,55,15,Fairy
174,Igglybuff,210,90,30,15,40,20,15,Normal
175,Togepi,245,35,20,65,40,65,20,Fairy
176,Togetic,405,55,40,85,80,105,40,Fairy
177,Natu,320,40,50,45,70,45,70,Psychic
178,Xatu,470,65,75,70,95,70,95,Psychic
179,Mareep,280,55,40,40,65,45,35,Electric
180,Flaaffy,365,70,55,55,80,60,45,Electric
181,Ampharos,510,90,75,85,115,90,55,Electric
181,Ampharos  Mega Ampharos,610,90,95,105,165,110,45,Electric
182,Bellossom,490,75,80,95,90,100,50,Grass
183,Marill,250,70,20,50,20,50,40,Water
184,Azumarill,420,100,50,80,60,80,50,Water
185,Sudowoodo,410,70,100,115,30,65,30,Rock
186,Politoed,500,90,75,75,90,100,70,Water
187,Hoppip,250,35,35,40,35,55,50,Grass
188,Skiploom,340,55,45,50,45,65,80,Grass
189,Jumpluff,460,75,55,70,55,95,110,Grass
190,Aipom,360,55,70,55,40,55,85,Normal
191,Sunkern,180,30,30,30,30,30,30,Grass
192,Sunflora,425,75,75,55,105,85,30,Grass
193,Yanma,390,65,65,45,75,45,95,Bug
194,Wooper,210,55,45,45,25,25,15,Water
194,Wooper  Paldean Wooper,210,55,45,45,25,25,15,Poison
195,Quagsire,430,95,85,85,65,65,35,Water
196,Espeon,525,65,65,60,130,95,110,Psychic
197,Umbreon,525,95,65,110,60,130,65,Dark
198,Murkrow,405,60,85,42,85,42,91,Dark
199,Slowking,490,95,75,80,100,110,30,Water
199,Slowking  Galarian Slowking,490,95,65,80,110,110,30,Poison
200,Misdreavus,435,60,60,60,85,85,85,Ghost
201,Unown,336,48,72,48,72,48,48,Psychic
202,Wobbuffet,405,190,33,58,33,58,33,Psychic
203,Girafarig,455,70,80,65,90,65,85,Normal
204,Pineco,290,50,65,90,35,35,15,Bug
205,Forretress,465,75,90,140,60,60,40,Bug
206,Dunsparce,415,100,70,70,65,65,45,Normal
207,Gligar,430,65,75,105,35,65,85,Ground
208,Steelix,510,75,85,200,55,65,30,Steel
208,Steelix  Mega Steelix,610,75,125,230,55,95,30,Steel
209,Snubbull,300,60,80,50,40,40,30,Fairy
210,Granbull,450,90,120,75,60,60,45,Fairy
211,Qwilfish,440,65,95,85,55,55,85,Water
211,Qwilfish  Hisuian Qwilfish,440,65,95,85,55,55,85,Dark
212,Scizor,500,70,130,100,55,80,65,Bug
212,Scizor  Mega Scizor,600,70,150,140,65,100,75,Bug
213,Shuckle,505,20,10,230,10,230,5,Bug
214,Heracross,500,80,125,75,40,95,85,Bug
214,Heracross  Mega Heracross,600,80,185,115,40,105,75,Bug
215,Sneasel,430,55,95,55,35,75,115,Dark
215,Sneasel  Hisuian Sneasel,430,55,95,55,35,75,115,Fighting
216,Teddiursa,330,60,80,50,50,50,40,Normal
217,Ursaring,500,90,130,75,75,75,55,Normal
218,Slugma,250,40,40,40,70,40,20,Fire
219,Magcargo,430,60,50,120,90,80,30,Fire
220,Swinub,250,50,50,40,30,30,50,Ice
221,Piloswine,450,100,100,80,60,60,50,Ice
222,Corsola,410,65,55,95,65,95,35,Water
222,Corsola  Galarian Corsola,410,60,55,100,65,100,30,Ghost
223,Remoraid,300,35,65,35,65,35,65,Water
224,Octillery,480,75,105,75,105,75,45,Water
225,Delibird,330,45,55,45,65,45,75,Ice
226,Mantine,485,85,40,70,80,140,70,Water
227,Skarmory,465,65,80,140,40,70,70,Steel
228,Houndour,330,45,60,30,80,50,65,Dark
229,Houndoom,500,75,90,50,110,80,95,Dark
229,Houndoom  Mega Houndoom,600,75,90,90,140,90,115,Dark
230,Kingdra,540,75,95,95,95,95,85,Water
231,Phanpy,330,90,60,60,40,40,40,Ground
232,Donphan,500,90,120,120,60,60,50,Ground
233,Porygon2,515,85,80,90,105,95,60,Normal
234,Stantler,465,73,95,62,85,65,85,Normal
235,Smeargle,250,55,20,35,20,45,75,Normal
236,Tyrogue,210,35,35,35,35,35,35,Fighting
237,Hitmontop,455,50,95,95,35,110,70,Fighting
238,Smoochum,305,45,30,15,85,65,65,Ice
239,Elekid,360,45,63,37,65,55,95,Electric
240,Magby,365,45,75,37,70,55,83,Fire
241,Miltank,490,95,80,105,40,70,100,Normal
242,Blissey,540,255,10,10,75,135,55,Normal
243,Raikou,580,90,85,75,115,100,115,Electric
244,Entei,580,115,115,85,90,75,100,Fire
245,Suicune,580,100,75,115,90,115,85,Water
246,Larvitar,300,50,64,50,45,50,41,Rock
247,Pupitar,410,70,84,70,65,70,51,Rock
248,Tyranitar,600,100,134,110,95,100,61,Rock
248,Tyranitar  Mega Tyranitar,700,100,164,150,95,120,71,Rock
249,Lugia,680,106,90,130,90,154,110,Psychic
250,Ho-oh,680,106,130,90,110,154,90,Fire
251,Celebi,600,100,100,100,100,100,100,Psychic
252,Treecko,310,40,45,35,65,55,70,Grass
253,Grovyle,405,50,65,45,85,65,95,Grass
254,Sceptile,530,70,85,65,105,85,120,Grass
254,Sceptile  Mega Sceptile,630,70,110,75,145,85,145,Grass
255,Torchic,310,45,60,40,70,50,45,Fire
256,Combusken,405,60,85,60,85,60,55,Fire
257,Blaziken,530,80,120,70,110,70,80,Fire
257,Blaziken  Mega Blaziken,630,80,160,80,130,80,100,Fire
258,Mudkip,310,50,70,50,50,50,40,Water
259,Marshtomp,405,70,85,70,60,70,50,Water
260,Swampert,535,100,110,90,85,90,60,Water
260,Swampert  Mega Swampert,635,100,150,110,95,110,70,Water
261,Poochyena,220,35,55,35,30,30,35,Dark
262,Mightyena,420,70,90,70,60,60,70,Dark
263,Zigzagoon,240,38,30,41,30,41,60,Normal
263,Zigzagoon  Galarian Zigzagoon,240,38,30,41,30,41,60,Dark
264,Linoone,420,78,70,61,50,61,100,Normal
264,Linoone  Galarian Linoone,420,78,70,61,50,61,100,Dark
265,Wurmple,195,45,45,35,20,30,20,Bug
266,Silcoon,205,50,35,55,25,25,15,Bug
267,Beautifly,395,60,70,50,100,50,65,Bug
268,Cascoon,205,50,35,55,25,25,15,Bug
269,Dustox,385,60,50,70,50,90,65,Bug
270,Lotad,220,40,30,30,40,50,30,Water
271,Lombre,340,60,50,50,60,70,50,Water
272,Ludicolo,480,80,70,70,90,100,70,Water
273,Seedot,220,40,40,50,30,30,30,Grass
274,Nuzleaf,340,70,70,40,60,40,60,Grass
275,Shiftry,480,90,100,60,90,60,80,Grass
276,Taillow,270,40,55,30,30,30,85,Normal
277,Swellow,455,60,85,60,75,50,125,Normal
278,Wingull,270,40,30,30,55,30,85,Water
279,Pelipper,440,60,50,100,95,70,65,Water
280,Ralts,198,28,25,25,45,35,40,Psychic
281,Kirlia,278,38,35,35,65,55,50,Psychic
282,Gardevoir,518,68,65,65,125,115,80,Psychic
282,Gardevoir  Mega Gardevoir,618,68,85,65,165,135,100,Psychic
283,Surskit,269,40,30,32,50,52,65,Bug
284,Masquerain,454,70,60,62,100,82,80,Bug
285,Shroomish,295,60,40,60,40,60,35,Grass
286,Breloom,460,60,130,80,60,60,70,Grass
287,Slakoth,280,60,60,60,35,35,30,Normal
288,Vigoroth,440,80,80,80,55,55,90,Normal
289,Slaking,670,150,160,100,95,65,100,Normal
290,Nincada,266,31,45,90,30,30,40,Bug
291,Ninjask,456,61,90,45,50,50,160,Bug
292,Shedinja,236,1,90,45,30,30,40,Bug
293,Whismur,240,64,51,23,51,23,28,Normal
294,Loudred,360,84,71,43,71,43,48,Normal
295,Exploud,490,104,91,63,91,73,68,Normal
296,Makuhita,237,72,60,30,20,30,25,Fighting
297,Hariyama,474,144,120,60,40,60,50,Fighting
298,Azurill,190,50,20,40,20,40,20,Normal
299,Nosepass,375,30,45,135,45,90,30,Rock
300,Skitty,260,50,45,45,35,35,50,Normal
301,Delcatty,400,70,65,65,55,55,90,Normal
302,Sableye,380,50,75,75,65,65,50,Dark
302,Sableye  Mega Sableye,480,50,85,125,85,115,20,Dark
303,Mawile,380,50,85,85,55,55,50,Steel
303,Mawile  Mega Mawile,480,50,105,125,55,95,50,Steel
304,Aron,330,50,70,100,40,40,30,Steel
305,Lairon,430,60,90,140,50,50,40,Steel
306,Aggron,530,70,110,180,60,60,50,Steel
306,Aggron  Mega Aggron,630,70,140,230,60,80,50,Steel
307,Meditite,280,30,40,55,40,55,60,Fighting
308,Medicham,410,60,60,75,60,75,80,Fighting
308,Medicham  Mega Medicham,510,60,100,85,80,85,100,Fighting
309,Electrike,295,40,45,40,65,40,65,Electric
310,Manectric,475,70,75,60,105,60,105,Electric
310,Manectric  Mega Manectric,575,70,75,80,135,80,135,Electric
311,Plusle,405,60,50,40,85,75,95,Electric
312,Minun,405,60,40,50,75,85,95,Electric
313,Volbeat,430,65,73,75,47,85,85,Bug
314,Illumise,430,65,47,75,73,85,85,Bug
315,Roselia,400,50,60,45,100,80,65,Grass
316,Gulpin,302,70,43,53,43,53,40,Poison
317,Swalot,467,100,73,83,73,83,55,Poison
318,Carvanha,305,45,90,20,65,20,65,Water
319,Sharpedo,460,70,120,40,95,40,95,Water
319,Sharpedo  Mega Sharpedo,560,70,140,70,110,65,105,Water
320,Wailmer,400,130,70,35,70,35,60,Water
321,Wailord,500,170,90,45,90,45,60,Water
322,Numel,305,60,60,40,65,45,35,Fire
323,Camerupt,460,70,100,70,105,75,40,Fire
323,Camerupt  Mega Camerupt,560,70,120,100,145,105,20,Fire
324,Torkoal,470,70,85,140,85,70,20,Fire
325,Spoink,330,60,25,35,70,80,60,Psychic
326,Grumpig,470,80,45,65,90,110,80,Psychic
327,Spinda,360,60,60,60,60,60,60,Normal
328,Trapinch,290,45,100,45,45,45,10,Ground
329,Vibrava,340,50,70,50,50,50,70,Ground
330,Flygon,520,80,100,80,80,80,100,Ground
331,Cacnea,335,50,85,40,85,40,35,Grass
332,Cacturne,475,70,115,60,115,60,55,Grass
333,Swablu,310,45,40,60,40,75,50,Normal
334,Altaria,490,75,70,90,70,105,80,Dragon
334,Altaria  Mega Altaria,590,75,110,110,110,105,80,Dragon
335,Zangoose,458,73,115,60,60,60,90,Normal
336,Seviper,458,73,100,60,100,60,65,Poison
337,Lunatone,460,90,55,65,95,85,70,Rock
338,Solrock,460,90,95,85,55,65,70,Rock
339,Barboach,288,50,48,43,46,41,60,Water
340,Whiscash,468,110,78,73,76,71,60,Water
341,Corphish,308,43,80,65,50,35,35,Water
342,Crawdaunt,468,63,120,85,90,55,55,Water
343,Baltoy,300,40,40,55,40,70,55,Ground
344,Claydol,500,60,70,105,70,120,75,Ground
345,Lileep,355,66,41,77,61,87,23,Rock
346,Cradily,495,86,81,97,81,107,43,Rock
347,Anorith,355,45,95,50,40,50,75,Rock
348,Armaldo,495,75,125,100,70,80,45,Rock
349,Feebas,200,20,15,20,10,55,80,Water
350,Milotic,540,95,60,79,100,125,81,Water
351,Castform,420,70,70,70,70,70,70,Normal
351,Castform  Sunny Form,420,70,70,70,70,70,70,Fire
351,Castform  Rainy Form,420,70,70,70,70,70,70,Water
351,Castform  Snowy Form,420,70,70,70,70,70,70,Ice
352,Kecleon,440,60,90,70,60,120,40,Normal
353,Shuppet,295,44,75,35,63,33,45,Ghost
354,Banette,455,64,115,65,83,63,65,Ghost
354,Banette  Mega Banette,555,64,165,75,93,83,75,Ghost
355,Duskull,295,20,40,90,30,90,25,Ghost
356,Dusclops,455,40,70,130,60,130,25,Ghost
357,Tropius,460,99,68,83,72,87,51,Grass
358,Chimecho,455,75,50,80,95,90,65,Psychic
359,Absol,465,65,130,60,75,60,75,Dark
359,Absol  Mega Absol,565,65,150,60,115,60,115,Dark
360,Wynaut,260,95,23,48,23,48,23,Psychic
361,Snorunt,300,50,50,50,50,50,50,Ice
362,Glalie,480,80,80,80,80,80,80,Ice
362,Glalie  Mega Glalie,580,80,120,80,120,80,100,Ice
363,Spheal,290,70,40,50,55,50,25,Ice
364,Sealeo,410,90,60,70,75,70,45,Ice
365,Walrein,530,110,80,90,95,90,65,Ice
366,Clamperl,345,35,64,85,74,55,32,Water
367,Huntail,485,55,104,105,94,75,52,Water
368,Gorebyss,485,55,84,105,114,75,52,Water
369,Relicanth,485,100,90,130,45,65,55,Water
370,Luvdisc,330,43,30,55,40,65,97,Water
371,Bagon,300,45,75,60,40,30,50,Dragon
372,Shelgon,420,65,95,100,60,50,50,Dragon
373,Salamence,600,95,135,80,110,80,100,Dragon
373,Salamence  Mega Salamence,700,95,145,130,120,90,120,Dragon
374,Beldum,300,40,55,80,35,60,30,Steel
375,Metang,420,60,75,100,55,80,50,Steel
376,Metagross,600,80,135,130,95,90,70,Steel
376,Metagross  Mega Metagross,700,80,145,150,105,110,110,Steel
377,Regirock,580,80,100,200,50,100,50,Rock
378,Regice,580,80,50,100,100,200,50,Ice
379,Registeel,580,80,75,150,75,150,50,Steel
380,Latias,600,80,80,90,110,130,110,Dragon
380,Latias  Mega Latias,700,80,100,120,140,150,110,Dragon
381,Latios,600,80,90,80,130,110,110,Dragon
381,Latios  Mega Latios,700,80,130,100,160,120,110,Dragon
382,Kyogre,670,100,100,90,150,140,90,Water
382,Kyogre  Primal Kyogre,770,100,150,90,180,160,90,Water
383,Groudon,670,100,150,140,100,90,90,Ground
383,Groudon  Primal Groudon,770,100,180,160,150,90,90,Ground
384,Rayquaza,680,105,150,90,150,90,95,Dragon
384,Rayquaza  Mega Rayquaza,780,105,180,100,180,100,115,Dragon
385,Jirachi,600,100,100,100,100,100,100,Steel
386,Deoxys  Normal Forme,600,50,150,50,150,50,150,Psychic
386,Deoxys  Attack Forme,600,50,180,20,180,20,150,Psychic
386,Deoxys  Defense Forme,600,50,70,160,70,160,90,Psychic
386,Deoxys  Speed Forme,600,50,95,90,95,90,180,Psychic
387,Turtwig,318,55,68,64,45,55,31,Grass
388,Grotle,405,75,89,85,55,65,36,Grass
389,Torterra,525,95,109,105,75,85,56,Grass
390,Chimchar,309,44,58,44,58,44,61,Fire
391,Monferno,405,64,78,52,78,52,81,Fire
392,Infernape,534,76,104,71,104,71,108,Fire
393,Piplup,314,53,51,53,61,56,40,Water
394,Prinplup,405,64,66,68,81,76,50,Water
395,Empoleon,530,84,86,88,111,101,60,Water
396,Starly,245,40,55,30,30,30,60,Normal
397,Staravia,340,55,75,50,40,40,80,Normal
398,Staraptor,485,85,120,70,50,60,100,Normal
399,Bidoof,250,59,45,40,35,40,31,Normal
400,Bibarel,410,79,85,60,55,60,71,Normal
401,Kricketot,194,37,25,41,25,41,25,Bug
402,Kricketune,384,77,85,51,55,51,65,Bug
403,Shinx,263,45,65,34,40,34,45,Electric
404,Luxio,363,60,85,49,60,49,60,Electric
405,Luxray,523,80,120,79,95,79,70,Electric
406,Budew,280,40,30,35,50,70,55,Grass
407,Roserade,515,60,70,65,125,105,90,Grass
408,Cranidos,350,67,125,40,30,30,58,Rock
409,Rampardos,495,97,165,60,65,50,58,Rock
410,Shieldon,350,30,42,118,42,88,30,Rock
411,Bastiodon,495,60,52,168,47,138,30,Rock
412,Burmy  Plant Cloak,224,40,29,45,29,45,36,Bug
412,Burmy  Sandy Cloak,224,40,29,45,29,45,36,Bug
412,Burmy  Trash Cloak,224,40,29,45,29,45,36,Bug
413,Wormadam  Plant Cloak,424,60,59,85,79,105,36,Bug
413,Wormadam  Sandy Cloak,424,60,79,105,59,85,36,Bug
413,Wormadam  Trash Cloak,424,60,69,95,69,95,36,Bug
414,Mothim,424,70,94,50,94,50,66,Bug
415,Combee,244,30,30,42,30,42,70,Bug
416,Vespiquen,474,70,80,102,80,102,40,Bug
417,Pachirisu,405,60,45,70,45,90,95,Electric
418,Buizel,330,55,65,35,60,30,85,Water
419,Floatzel,495,85,105,55,85,50,115,Water
420,Cherubi,275,45,35,45,62,53,35,Grass
421,Cherrim,450,70,60,70,87,78,85,Grass
422,Shellos,325,76,48,48,57,62,34,Water
423,Gastrodon,475,111,83,68,92,82,39,Water
424,Ambipom,482,75,100,66,60,66,115,Normal
425,Drifloon,348,90,50,34,60,44,70,Ghost
426,Drifblim,498,150,80,44,90,54,80,Ghost
427,Buneary,350,55,66,44,44,56,85,Normal
428,Lopunny,480,65,76,84,54,96,105,Normal
428,Lopunny  Mega Lopunny,580,65,136,94,54,96,135,Normal
429,Mismagius,495,60,60,60,105,105,105,Ghost
430,Honchkrow,505,100,125,52,105,52,71,Dark
431,Glameow,310,49,55,42,42,37,85,Normal
432,Purugly,452,71,82,64,64,59,112,Normal
433,Chingling,285,45,30,50,65,50,45,Psychic
434,Stunky,329,63,63,47,41,41,74,Poison
435,Skuntank,479,103,93,67,71,61,84,Poison
436,Bronzor,300,57,24,86,24,86,23,Steel
437,Bronzong,500,67,89,116,79,116,33,Steel
438,Bonsly,290,50,80,95,10,45,10,Rock
439,Mime Jr.,310,20,25,45,70,90,60,Psychic
440,Happiny,220,100,5,5,15,65,30,Normal
441,Chatot,411,76,65,45,92,42,91,Normal
442,Spiritomb,485,50,92,108,92,108,35,Ghost
443,Gible,300,58,70,45,40,45,42,Dragon
444,Gabite,410,68,90,65,50,55,82,Dragon
445,Garchomp,600,108,130,95,80,85,102,Dragon
445,Garchomp  Mega Garchomp,700,108,170,115,120,95,92,Dragon
446,Munchlax,390,135,85,40,40,85,5,Normal
447,Riolu,285,40,70,40,35,40,60,Fighting
448,Lucario,525,70,110,70,115,70,90,Fighting
448,Lucario  Mega Lucario,625,70,145,88,140,70,112,Fighting
449,Hippopotas,330,68,72,78,38,42,32,Ground
450,Hippowdon,525,108,112,118,68,72,47,Ground
451,Skorupi,330,40,50,90,30,55,65,Poison
452,Drapion,500,70,90,110,60,75,95,Poison
453,Croagunk,300,48,61,40,61,40,50,Poison
454,Toxicroak,490,83,106,65,86,65,85,Poison
455,Carnivine,454,74,100,72,90,72,46,Grass
456,Finneon,330,49,49,56,49,61,66,Water
457,Lumineon,460,69,69,76,69,86,91,Water
458,Mantyke,345,45,20,50,60,120,50,Water
459,Snover,334,60,62,50,62,60,40,Grass
460,Abomasnow,494,90,92,75,92,85,60,Grass
460,Abomasnow  Mega Abomasnow,594,90,132,105,132,105,30,Grass
461,Weavile,510,70,120,65,45,85,125,Dark
462,Magnezone,535,70,70,115,130,90,60,Electric
463,Lickilicky,515,110,85,95,80,95,50,Normal
464,Rhyperior,535,115,140,130,55,55,40,Ground
465,Tangrowth,535,100,100,125,110,50,50,Grass
466,Electivire,540,75,123,67,95,85,95,Electric
467,Magmortar,540,75,95,67,125,95,83,Fire
468,Togekiss,545,85,50,95,120,115,80,Fairy
469,Yanmega,515,86,76,86,116,56,95,Bug
470,Leafeon,525,65,110,130,60,65,95,Grass
471,Glaceon,525,65,60,110,130,95,65,Ice
472,Gliscor,510,75,95,125,45,75,95,Ground
473,Mamoswine,530,110,130,80,70,60,80,Ice
474,Porygon-Z,535,85,80,70,135,75,90,Normal
475,Gallade,518,68,125,65,65,115,80,Psychic
475,Gallade  Mega Gallade,618,68,165,95,65,115,110,Psychic
476,Probopass,525,60,55,145,75,150,40,Rock
477,Dusknoir,525,45,100,135,65,135,45,Ghost
478,Froslass,480,70,80,70,80,70,110,Ice
479,Rotom,440,50,50,77,95,77,91,Electric
479,Rotom  Heat Rotom,520,50,65,107,105,107,86,Electric
479,Rotom  Wash Rotom,520,50,65,107,105,107,86,Electric
479,Rotom  Frost Rotom,520,50,65,107,105,107,86,Electric
479,Rotom  Fan Rotom,520,50,65,107,105,107,86,Electric
479,Rotom  Mow Rotom,520,50,65,107,105,107,86,Electric
480,Uxie,580,75,75,130,75,130,95,Psychic
481,Mesprit,580,80,105,105,105,105,80,Psychic
482,Azelf,580,75,125,70,125,70,115,Psychic
483,Dialga,680,100,120,120,150,100,90,Steel
483,Dialga  Origin Forme,680,100,100,120,150,120,90,Steel
484,Palkia,680,90,120,100,150,120,100,Water
484,Palkia  Origin Forme,680,90,100,100,150,120,120,Water
485,Heatran,600,91,90,106,130,106,77,Fire
486,Regigigas,670,110,160,110,80,110,100,Normal
487,Giratina  Altered Forme,680,150,100,120,100,120,90,Ghost
487,Giratina  Origin Forme,680,150,120,100,120,100,90,Ghost
488,Cresselia,580,120,70,110,75,120,85,Psychic
489,Phione,480,80,80,80,80,80,80,Water
490,Manaphy,600,100,100,100,100,100,100,Water
491,Darkrai,600,70,90,90,135,90,125,Dark
492,Shaymin  Land Forme,600,100,100,100,100,100,100,Grass
492,Shaymin  Sky Forme,600,100,103,75,120,75,127,Grass
493,Arceus,720,120,120,120,120,120,120,Normal
494,Victini,600,100,100,100,100,100,100,Psychic
495,Snivy,308,45,45,55,45,55,63,Grass
496,Servine,413,60,60,75,60,75,83,Grass
497,Serperior,528,75,75,95,75,95,113,Grass
498,Tepig,308,65,63,45,45,45,45,Fire
499,Pignite,418,90,93,55,70,55,55,Fire
500,Emboar,528,110,123,65,100,65,65,Fire
501,Oshawott,308,55,55,45,63,45,45,Water
502,Dewott,413,75,75,60,83,60,60,Water
503,Samurott,528,95,100,85,108,70,70,Water
503,Samurott  Hisuian Samurott,528,90,108,80,100,65,85,Water
504,Patrat,255,45,55,39,35,39,42,Normal
505,Watchog,420,60,85,69,60,69,77,Normal
506,Lillipup,275,45,60,45,25,45,55,Normal
507,Herdier,370,65,80,65,35,65,60,Normal
508,Stoutland,500,85,110,90,45,90,80,Normal
509,Purrloin,281,41,50,37,50,37,66,Dark
510,Liepard,446,64,88,50,88,50,106,Dark
511,Pansage,316,50,53,48,53,48,64,Grass
512,Simisage,498,75,98,63,98,63,101,Grass
513,Pansear,316,50,53,48,53,48,64,Fire
514,Simisear,498,75,98,63,98,63,101,Fire
515,Panpour,316,50,53,48,53,48,64,Water
516,Simipour,498,75,98,63,98,63,101,Water
517,Munna,292,76,25,45,67,55,24,Psychic
518,Musharna,487,116,55,85,107,95,29,Psychic
519,Pidove,264,50,55,50,36,30,43,Normal
520,Tranquill,358,62,77,62,50,42,65,Normal
521,Unfezant,488,80,115,80,65,55,93,Normal
522,Blitzle,295,45,60,32,50,32,76,Electric
523,Zebstrika,497,75,100,63,80,63,116,Electric
524,Roggenrola,280,55,75,85,25,25,15,Rock
525,Boldore,390,70,105,105,50,40,20,Rock
526,Gigalith,515,85,135,130,60,80,25,Rock
527,Woobat,323,65,45,43,55,43,72,Psychic
528,Swoobat,425,67,57,55,77,55,114,Psychic
529,Drilbur,328,60,85,40,30,45,68,Ground
530,Excadrill,508,110,135,60,50,65,88,Ground
531,Audino,445,103,60,86,60,86,50,Normal
531,Audino  Mega Audino,545,103,60,126,80,126,50,Normal
532,Timburr,305,75,80,55,25,35,35,Fighting
533,Gurdurr,405,85,105,85,40,50,40,Fighting
534,Conkeldurr,505,105,140,95,55,65,45,Fighting
535,Tympole,294,50,50,40,50,40,64,Water
536,Palpitoad,384,75,65,55,65,55,69,Water
537,Seismitoad,509,105,95,75,85,75,74,Water
538,Throh,465,120,100,85,30,85,45,Fighting
539,Sawk,465,75,125,75,30,75,85,Fighting
540,Sewaddle,310,45,53,70,40,60,42,Bug
541,Swadloon,380,55,63,90,50,80,42,Bug
542,Leavanny,500,75,103,80,70,80,92,Bug
543,Venipede,260,30,45,59,30,39,57,Bug
544,Whirlipede,360,40,55,99,40,79,47,Bug
545,Scolipede,485,60,100,89,55,69,112,Bug
546,Cottonee,280,40,27,60,37,50,66,Grass
547,Whimsicott,480,60,67,85,77,75,116,Grass
548,Petilil,280,45,35,50,70,50,30,Grass
549,Lilligant,480,70,60,75,110,75,90,Grass
549,Lilligant  Hisuian Lilligant,480,70,105,75,50,75,105,Grass
550,Basculin  Red-Striped Form,460,70,92,65,80,55,98,Water
550,Basculin  Blue-Striped Form,460,70,92,65,80,55,98,Water
550,Basculin  White-Striped Form,460,70,92,65,80,55,98,Water
551,Sandile,292,50,72,35,35,35,65,Ground
552,Krokorok,351,60,82,45,45,45,74,Ground
553,Krookodile,519,95,117,80,65,70,92,Ground
554,Darumaka,315,70,90,45,15,45,50,Fire
554,Darumaka  Galarian Darumaka,315,70,90,45,15,45,50,Ice
555,Darmanitan  Standard Mode,480,105,140,55,30,55,95,Fire
555,Darmanitan  Zen Mode,540,105,30,105,140,105,55,Fire
555,Darmanitan  Galarian Standard Mode,480,105,140,55,30,55,95,Ice
555,Darmanitan  Galarian Zen Mode,540,105,160,55,30,55,135,Ice
556,Maractus,461,75,86,67,106,67,60,Grass
557,Dwebble,325,50,65,85,35,35,55,Bug
558,Crustle,485,70,105,125,65,75,45,Bug
559,Scraggy,348,50,75,70,35,70,48,Dark
560,Scrafty,488,65,90,115,45,115,58,Dark
561,Sigilyph,490,72,58,80,103,80,97,Psychic
562,Yamask,303,38,30,85,55,65,30,Ghost
562,Yamask  Galarian Yamask,303,38,55,85,30,65,30,Ground
563,Cofagrigus,483,58,50,145,95,105,30,Ghost
564,Tirtouga,355,54,78,103,53,45,22,Water
565,Carracosta,495,74,108,133,83,65,32,Water
566,Archen,401,55,112,45,74,45,70,Rock
567,Archeops,567,75,140,65,112,65,110,Rock
568,Trubbish,329,50,50,62,40,62,65,Poison
569,Garbodor,474,80,95,82,60,82,75,Poison
570,Zorua,330,40,65,40,80,40,65,Dark
570,Zorua  Hisuian Zorua,330,35,60,40,85,40,70,Normal
571,Zoroark,510,60,105,60,120,60,105,Dark
571,Zoroark  Hisuian Zoroark,510,55,100,60,125,60,110,Normal
572,Minccino,300,55,50,40,40,40,75,Normal
573,Cinccino,470,75,95,60,65,60,115,Normal
574,Gothita,290,45,30,50,55,65,45,Psychic
575,Gothorita,390,60,45,70,75,85,55,Psychic
576,Gothitelle,490,70,55,95,95,110,65,Psychic
577,Solosis,290,45,30,40,105,50,20,Psychic
578,Duosion,370,65,40,50,125,60,30,Psychic
579,Reuniclus,490,110,65,75,125,85,30,Psychic
580,Ducklett,305,62,44,50,44,50,55,Water
581,Swanna,473,75,87,63,87,63,98,Water
582,Vanillite,305,36,50,50,65,60,44,Ice
583,Vanillish,395,51,65,65,80,75,59,Ice
584,Vanilluxe,535,71,95,85,110,95,79,Ice
585,Deerling,335,60,60,50,40,50,75,Normal
586,Sawsbuck,475,80,100,70,60,70,95,Normal
587,Emolga,428,55,75,60,75,60,103,Electric
588,Karrablast,315,50,75,45,40,45,60,Bug
589,Escavalier,495,70,135,105,60,105,20,Bug
590,Foongus,294,69,55,45,55,55,15,Grass
591,Amoonguss,464,114,85,70,85,80,30,Grass
592,Frillish,335,55,40,50,65,85,40,Water
593,Jellicent,480,100,60,70,85,105,60,Water
594,Alomomola,470,165,75,80,40,45,65,Water
595,Joltik,319,50,47,50,57,50,65,Bug
596,Galvantula,472,70,77,60,97,60,108,Bug
597,Ferroseed,305,44,50,91,24,86,10,Grass
598,Ferrothorn,489,74,94,131,54,116,20,Grass
599,Klink,300,40,55,70,45,60,30,Steel
600,Klang,440,60,80,95,70,85,50,Steel
601,Klinklang,520,60,100,115,70,85,90,Steel
602,Tynamo,275,35,55,40,45,40,60,Electric
603,Eelektrik,405,65,85,70,75,70,40,Electric
604,Eelektross,515,85,115,80,105,80,50,Electric
605,Elgyem,335,55,55,55,85,55,30,Psychic
606,Beheeyem,485,75,75,75,125,95,40,Psychic
607,Litwick,275,50,30,55,65,55,20,Ghost
608,Lampent,370,60,40,60,95,60,55,Ghost
609,Chandelure,520,60,55,90,145,90,80,Ghost
610,Axew,320,46,87,60,30,40,57,Dragon
611,Fraxure,410,66,117,70,40,50,67,Dragon
612,Haxorus,540,76,147,90,60,70,97,Dragon
613,Cubchoo,305,55,70,40,60,40,40,Ice
614,Beartic,505,95,130,80,70,80,50,Ice
615,Cryogonal,515,80,50,50,95,135,105,Ice
616,Shelmet,305,50,40,85,40,65,25,Bug
617,Accelgor,495,80,70,40,100,60,145,Bug
618,Stunfisk,471,109,66,84,81,99,32,Ground
618,Stunfisk  Galarian Stunfisk,471,109,81,99,66,84,32,Ground
619,Mienfoo,350,45,85,50,55,50,65,Fighting
620,Mienshao,510,65,125,60,95,60,105,Fighting
621,Druddigon,485,77,120,90,60,90,48,Dragon
622,Golett,303,59,74,50,35,50,35,Ground
623,Golurk,483,89,124,80,55,80,55,Ground
624,Pawniard,340,45,85,70,40,40,60,Dark
625,Bisharp,490,65,125,100,60,70,70,Dark
626,Bouffalant,490,95,110,95,40,95,55,Normal
627,Rufflet,350,70,83,50,37,50,60,Normal
628,Braviary,510,100,123,75,57,75,80,Normal
628,Braviary  Hisuian Braviary,510,110,83,70,112,70,65,Psychic
629,Vullaby,370,70,55,75,45,65,60,Dark
630,Mandibuzz,510,110,65,105,55,95,80,Dark
631,Heatmor,484,85,97,66,105,66,65,Fire
632,Durant,484,58,109,112,48,48,109,Bug
633,Deino,300,52,65,50,45,50,38,Dark
634,Zweilous,420,72,85,70,65,70,58,Dark
635,Hydreigon,600,92,105,90,125,90,98,Dark
636,Larvesta,360,55,85,55,50,55,60,Bug
637,Volcarona,550,85,60,65,135,105,100,Bug
638,Cobalion,580,91,90,129,90,72,108,Steel
639,Terrakion,580,91,129,90,72,90,108,Rock
640,Virizion,580,91,90,72,90,129,108,Grass
641,Tornadus  Incarnate Forme,580,79,115,70,125,80,111,Flying
641,Tornadus  Therian Forme,580,79,100,80,110,90,121,Flying
642,Thundurus  Incarnate Forme,580,79,115,70,125,80,111,Electric
642,Thundurus  Therian Forme,580,79,105,70,145,80,101,Electric
643,Reshiram,680,100,120,100,150,120,90,Dragon
644,Zekrom,680,100,150,120,120,100,90,Dragon
645,Landorus  Incarnate Forme,600,89,125,90,115,80,101,Ground
645,Landorus  Therian Forme,600,89,145,90,105,80,91,Ground
646,Kyurem,660,125,130,90,130,90,95,Dragon
646,Kyurem  White Kyurem,700,125,120,90,170,100,95,Dragon
646,Kyurem  Black Kyurem,700,125,170,100,120,90,95,Dragon
647,Keldeo  Ordinary Form,580,91,72,90,129,90,108,Water
647,Keldeo  Resolute Form,580,91,72,90,129,90,108,Water
648,Meloetta  Aria Forme,600,100,77,77,128,128,90,Normal
648,Meloetta  Pirouette Forme,600,100,128,90,77,77,128,Normal
649,Genesect,600,71,120,95,120,95,99,Bug
650,Chespin,313,56,61,65,48,45,38,Grass
651,Quilladin,405,61,78,95,56,58,57,Grass
652,Chesnaught,530,88,107,122,74,75,64,Grass
653,Fennekin,307,40,45,40,62,60,60,Fire
654,Braixen,409,59,59,58,90,70,73,Fire
655,Delphox,534,75,69,72,114,100,104,Fire
656,Froakie,314,41,56,40,62,44,71,Water
657,Frogadier,405,54,63,52,83,56,97,Water
658,Greninja,530,72,95,67,103,71,122,Water
658,Greninja  Ash-Greninja,640,72,145,67,153,71,132,Water
659,Bunnelby,237,38,36,38,32,36,57,Normal
660,Diggersby,423,85,56,77,50,77,78,Normal
661,Fletchling,278,45,50,43,40,38,62,Normal
662,Fletchinder,382,62,73,55,56,52,84,Fire
663,Talonflame,499,78,81,71,74,69,126,Fire
664,Scatterbug,200,38,35,40,27,25,35,Bug
665,Spewpa,213,45,22,60,27,30,29,Bug
666,Vivillon,411,80,52,50,90,50,89,Bug
667,Litleo,369,62,50,58,73,54,72,Fire
668,Pyroar,507,86,68,72,109,66,106,Fire
669,Flabébé,303,44,38,39,61,79,42,Fairy
670,Floette,371,54,45,47,75,98,52,Fairy
671,Florges,552,78,65,68,112,154,75,Fairy
672,Skiddo,350,66,65,48,62,57,52,Grass
673,Gogoat,531,123,100,62,97,81,68,Grass
674,Pancham,348,67,82,62,46,48,43,Fighting
675,Pangoro,495,95,124,78,69,71,58,Fighting
676,Furfrou,472,75,80,60,65,90,102,Normal
677,Espurr,355,62,48,54,63,60,68,Psychic
678,Meowstic  Male,466,74,48,76,83,81,104,Psychic
678,Meowstic  Female,466,74,48,76,83,81,104,Psychic
679,Honedge,325,45,80,100,35,37,28,Steel
680,Doublade,448,59,110,150,45,49,35,Steel
681,Aegislash  Shield Forme,500,60,50,140,50,140,60,Steel
681,Aegislash  Blade Forme,500,60,140,50,140,50,60,Steel
682,Spritzee,341,78,52,60,63,65,23,Fairy
683,Aromatisse,462,101,72,72,99,89,29,Fairy
684,Swirlix,341,62,48,66,59,57,49,Fairy
685,Slurpuff,480,82,80,86,85,75,72,Fairy
686,Inkay,288,53,54,53,37,46,45,Dark
687,Malamar,482,86,92,88,68,75,73,Dark
688,Binacle,306,42,52,67,39,56,50,Rock
689,Barbaracle,500,72,105,115,54,86,68,Rock
690,Skrelp,320,50,60,60,60,60,30,Poison
691,Dragalge,494,65,75,90,97,123,44,Poison
692,Clauncher,330,50,53,62,58,63,44,Water
693,Clawitzer,500,71,73,88,120,89,59,Water
694,Helioptile,289,44,38,33,61,43,70,Electric
695,Heliolisk,481,62,55,52,109,94,109,Electric
696,Tyrunt,362,58,89,77,45,45,48,Rock
697,Tyrantrum,521,82,121,119,69,59,71,Rock
698,Amaura,362,77,59,50,67,63,46,Rock
699,Aurorus,521,123,77,72,99,92,58,Rock
700,Sylveon,525,95,65,65,110,130,60,Fairy
701,Hawlucha,500,78,92,75,74,63,118,Fighting
702,Dedenne,431,67,58,57,81,67,101,Electric
703,Carbink,500,50,50,150,50,150,50,Rock
704,Goomy,300,45,50,35,55,75,40,Dragon
705,Sliggoo,452,68,75,53,83,113,60,Dragon
705,Sliggoo  Hisuian Sliggoo,452,58,75,83,83,113,40,Steel
706,Goodra,600,90,100,70,110,150,80,Dragon
706,Goodra  Hisuian Goodra,600,80,100,100,110,150,60,Steel
707,Klefki,470,57,80,91,80,87,75,Steel
708,Phantump,309,43,70,48,50,60,38,Ghost
709,Trevenant,474,85,110,76,65,82,56,Ghost
710,Pumpkaboo  Average Size,335,49,66,70,44,55,51,Ghost
710,Pumpkaboo  Small Size,335,44,66,70,44,55,56,Ghost
710,Pumpkaboo  Large Size,335,54,66,70,44,55,46,Ghost
710,Pumpkaboo  Super Size,335,59,66,70,44,55,41,Ghost
711,Gourgeist  Average Size,494,65,90,122,58,75,84,Ghost
711,Gourgeist  Small Size,494,55,85,122,58,75,99,Ghost
711,Gourgeist  Large Size,494,75,95,122,58,75,69,Ghost
711,Gourgeist  Super Size,494,85,100,122,58,75,54,Ghost
712,Bergmite,304,55,69,85,32,35,28,Ice
713,Avalugg,514,95,117,184,44,46,28,Ice
713,Avalugg  Hisuian Avalugg,514,95,127,184,34,36,38,Ice
714,Noibat,245,40,30,35,45,40,55,Flying
715,Noivern,535,85,70,80,97,80,123,Flying
716,Xerneas,680,126,131,95,131,98,99,Fairy
717,Yveltal,680,126,131,95,131,98,99,Dark
718,Zygarde  50% Forme,600,108,100,121,81,95,95,Dragon
718,Zygarde  10% Forme,486,54,100,71,61,85,115,Dragon
718,Zygarde  Complete Forme,708,216,100,121,91,95,85,Dragon
719,Diancie,600,50,100,150,100,150,50,Rock
719,Diancie  Mega Diancie,700,50,160,110,160,110,110,Rock
720,Hoopa  Hoopa Confined,600,80,110,60,150,130,70,Psychic
720,Hoopa  Hoopa Unbound,680,80,160,60,170,130,80,Psychic
721,Volcanion,600,80,110,120,130,90,70,Fire
722,Rowlet,320,68,55,55,50,50,42,Grass
723,Dartrix,420,78,75,75,70,70,52,Grass
724,Decidueye,530,78,107,75,100,100,70,Grass
724,Decidueye  Hisuian Decidueye,530,88,112,80,95,95,60,Grass
725,Litten,320,45,65,40,60,40,70,Fire
726,Torracat,420,65,85,50,80,50,90,Fire
727,Incineroar,530,95,115,90,80,90,60,Fire
728,Popplio,320,50,54,54,66,56,40,Water
729,Brionne,420,60,69,69,91,81,50,Water
730,Primarina,530,80,74,74,126,116,60,Water
731,Pikipek,265,35,75,30,30,30,65,Normal
732,Trumbeak,355,55,85,50,40,50,75,Normal
733,Toucannon,485,80,120,75,75,75,60,Normal
734,Yungoos,253,48,70,30,30,30,45,Normal
735,Gumshoos,418,88,110,60,55,60,45,Normal
736,Grubbin,300,47,62,45,55,45,46,Bug
737,Charjabug,400,57,82,95,55,75,36,Bug
738,Vikavolt,500,77,70,90,145,75,43,Bug
739,Crabrawler,338,47,82,57,42,47,63,Fighting
740,Crabominable,478,97,132,77,62,67,43,Fighting
741,Oricorio  Baile Style,476,75,70,70,98,70,93,Fire
741,Oricorio  Pom-Pom Style,476,75,70,70,98,70,93,Electric
741,Oricorio  Pa'u Style,476,75,70,70,98,70,93,Psychic
741,Oricorio  Sensu Style,476,75,70,70,98,70,93,Ghost
742,Cutiefly,304,40,45,40,55,40,84,Bug
743,Ribombee,464,60,55,60,95,70,124,Bug
744,Rockruff,280,45,65,40,30,40,60,Rock
744,Rockruff  Own Tempo Rockruff,280,45,65,40,30,40,60,Rock
745,Lycanroc  Midday Form,487,75,115,65,55,65,112,Rock
745,Lycanroc  Midnight Form,487,85,115,75,55,75,82,Rock
745,Lycanroc  Dusk Form,487,75,117,65,55,65,110,Rock
746,Wishiwashi  Solo Form,175,45,20,20,25,25,40,Water
746,Wishiwashi  School Form,620,45,140,130,140,135,30,Water
747,Mareanie,305,50,53,62,43,52,45,Poison
748,Toxapex,495,50,63,152,53,142,35,Poison
749,Mudbray,385,70,100,70,45,55,45,Ground
750,Mudsdale,500,100,125,100,55,85,35,Ground
751,Dewpider,269,38,40,52,40,72,27,Water
752,Araquanid,454,68,70,92,50,132,42,Water
753,Fomantis,250,40,55,35,50,35,35,Grass
754,Lurantis,480,70,105,90,80,90,45,Grass
755,Morelull,285,40,35,55,65,75,15,Grass
756,Shiinotic,405,60,45,80,90,100,30,Grass
757,Salandit,320,48,44,40,71,40,77,Poison
758,Salazzle,480,68,64,60,111,60,117,Poison
759,Stufful,340,70,75,50,45,50,50,Normal
760,Bewear,500,120,125,80,55,60,60,Normal
761,Bounsweet,210,42,30,38,30,38,32,Grass
762,Steenee,290,52,40,48,40,48,62,Grass
763,Tsareena,510,72,120,98,50,98,72,Grass
764,Comfey,485,51,52,90,82,110,100,Fairy
765,Oranguru,490,90,60,80,90,110,60,Normal
766,Passimian,490,100,120,90,40,60,80,Fighting
767,Wimpod,230,25,35,40,20,30,80,Bug
768,Golisopod,530,75,125,140,60,90,40,Bug
769,Sandygast,320,55,55,80,70,45,15,Ghost
770,Palossand,480,85,75,110,100,75,35,Ghost
771,Pyukumuku,410,55,60,130,30,130,5,Water
772,Type: Null,534,95,95,95,95,95,59,Normal
773,Silvally,570,95,95,95,95,95,95,Normal
774,Minior  Meteor Form,440,60,60,100,60,100,60,Rock
774,Minior  Core Form,500,60,100,60,100,60,120,Rock
775,Komala,480,65,115,65,75,95,65,Normal
776,Turtonator,485,60,78,135,91,85,36,Fire
777,Togedemaru,435,65,98,63,40,73,96,Electric
778,Mimikyu,476,55,90,80,50,105,96,Ghost
779,Bruxish,475,68,105,70,70,70,92,Water
780,Drampa,485,78,60,85,135,91,36,Normal
781,Dhelmise,517,70,131,100,86,90,40,Ghost
782,Jangmo-o,300,45,55,65,45,45,45,Dragon
783,Hakamo-o,420,55,75,90,65,70,65,Dragon
784,Kommo-o,600,75,110,125,100,105,85,Dragon
785,Tapu Koko,570,70,115,85,95,75,130,Electric
786,Tapu Lele,570,70,85,75,130,115,95,Psychic
787,Tapu Bulu,570,70,130,115,85,95,75,Grass
788,Tapu Fini,570,70,75,115,95,130,85,Water
789,Cosmog,200,43,29,31,29,31,37,Psychic
790,Cosmoem,400,43,29,131,29,131,37,Psychic
791,Solgaleo,680,137,137,107,113,89,97,Psychic
792,Lunala,680,137,113,89,137,107,97,Psychic
793,Nihilego,570,109,53,47,127,131,103,Rock
794,Buzzwole,570,107,139,139,53,53,79,Bug
795,Pheromosa,570,71,137,37,137,37,151,Bug
796,Xurkitree,570,83,89,71,173,71,83,Electric
797,Celesteela,570,97,101,103,107,101,61,Steel
798,Kartana,570,59,181,131,59,31,109,Grass
799,Guzzlord,570,223,101,53,97,53,43,Dark
800,Necrozma,600,97,107,101,127,89,79,Psychic
800,Necrozma  Dusk Mane Necrozma,680,97,157,127,113,109,77,Psychic
800,Necrozma  Dawn Wings Necrozma,680,97,113,109,157,127,77,Psychic
800,Necrozma  Ultra Necrozma,754,97,167,97,167,97,129,Psychic
801,Magearna,600,80,95,115,130,115,65,Steel
802,Marshadow,600,90,125,80,90,90,125,Fighting
803,Poipole,420,67,73,67,73,67,73,Poison
804,Naganadel,540,73,73,73,127,73,121,Poison
805,Stakataka,570,61,131,211,53,101,13,Rock
806,Blacephalon,570,53,127,53,151,79,107,Fire
807,Zeraora,600,88,112,75,102,80,143,Electric
808,Meltan,300,46,65,65,55,35,34,Steel
809,Melmetal,600,135,143,143,80,65,34,Steel
810,Grookey,310,50,65,50,40,40,65,Grass
811,Thwackey,420,70,85,70,55,60,80,Grass
812,Rillaboom,530,100,125,90,60,70,85,Grass
813,Scorbunny,310,50,71,40,40,40,69,Fire
814,Raboot,420,65,86,60,55,60,94,Fire
815,Cinderace,530,80,116,75,65,75,119,Fire
816,Sobble,310,50,40,40,70,40,70,Water
817,Drizzile,420,65,60,55,95,55,90,Water
818,Inteleon,530,70,85,65,125,65,120,Water
819,Skwovet,275,70,55,55,35,35,25,Normal
820,Greedent,460,120,95,95,55,75,20,Normal
821,Rookidee,245,38,47,35,33,35,57,Flying
822,Corvisquire,365,68,67,55,43,55,77,Flying
823,Corviknight,495,98,87,105,53,85,67,Flying
824,Blipbug,180,25,20,20,25,45,45,Bug
825,Dottler,335,50,35,80,50,90,30,Bug
826,Orbeetle,505,60,45,110,80,120,90,Bug
827,Nickit,245,40,28,28,47,52,50,Dark
828,Thievul,455,70,58,58,87,92,90,Dark
829,Gossifleur,250,40,40,60,40,60,10,Grass
830,Eldegoss,460,60,50,90,80,120,60,Grass
831,Wooloo,270,42,40,55,40,45,48,Normal
832,Dubwool,490,72,80,100,60,90,88,Normal
833,Chewtle,284,50,64,50,38,38,44,Water
834,Drednaw,485,90,115,90,48,68,74,Water
835,Yamper,270,59,45,50,40,50,26,Electric
836,Boltund,490,69,90,60,90,60,121,Electric
837,Rolycoly,240,30,40,50,40,50,30,Rock
838,Carkol,410,80,60,90,60,70,50,Rock
839,Coalossal,510,110,80,120,80,90,30,Rock
840,Applin,260,40,40,80,40,40,20,Grass
841,Flapple,485,70,110,80,95,60,70,Grass
842,Appletun,485,110,85,80,100,80,30,Grass
843,Silicobra,315,52,57,75,35,50,46,Ground
844,Sandaconda,510,72,107,125,65,70,71,Ground
845,Cramorant,475,70,85,55,85,95,85,Flying
846,Arrokuda,280,41,63,40,40,30,66,Water
847,Barraskewda,490,61,123,60,60,50,136,Water
848,Toxel,242,40,38,35,54,35,40,Electric
849,Toxtricity  Amped Form,502,75,98,70,114,70,75,Electric
849,Toxtricity  Low Key Form,502,75,98,70,114,70,75,Electric
850,Sizzlipede,305,50,65,45,50,50,45,Fire
851,Centiskorch,525,100,115,65,90,90,65,Fire
852,Clobbopus,310,50,68,60,50,50,32,Fighting
853,Grapploct,480,80,118,90,70,80,42,Fighting
854,Sinistea,308,40,45,45,74,54,50,Ghost
855,Polteageist,508,60,65,65,134,114,70,Ghost
856,Hatenna,265,42,30,45,56,53,39,Psychic
857,Hattrem,370,57,40,65,86,73,49,Psychic
858,Hatterene,510,57,90,95,136,103,29,Psychic
859,Impidimp,265,45,45,30,55,40,50,Dark
860,Morgrem,370,65,60,45,75,55,70,Dark
861,Grimmsnarl,510,95,120,65,95,75,60,Dark
862,Obstagoon,520,93,90,101,60,81,95,Dark
863,Perrserker,440,70,110,100,50,60,50,Steel
864,Cursola,510,60,95,50,145,130,30,Ghost
865,Sirfetch'd,507,62,135,95,68,82,65,Fighting
866,Mr. Rime,520,80,85,75,110,100,70,Ice
867,Runerigus,483,58,95,145,50,105,30,Ground
868,Milcery,270,45,40,40,50,61,34,Fairy
869,Alcremie,495,65,60,75,110,121,64,Fairy
870,Falinks,470,65,100,100,70,60,75,Fighting
871,Pincurchin,435,48,101,95,91,85,15,Electric
872,Snom,185,30,25,35,45,30,20,Ice
873,Frosmoth,475,70,65,60,125,90,65,Ice
874,Stonjourner,470,100,125,135,20,20,70,Rock
875,Eiscue  Ice Face,470,75,80,110,65,90,50,Ice
875,Eiscue  Noice Face,470,75,80,70,65,50,130,Ice
876,Indeedee  Male,475,60,65,55,105,95,95,Psychic
876,Indeedee  Female,475,70,55,65,95,105,85,Psychic
877,Morpeko  Full Belly Mode,436,58,95,58,70,58,97,Electric
877,Morpeko  Hangry Mode,436,58,95,58,70,58,97,Electric
878,Cufant,330,72,80,49,40,49,40,Steel
879,Copperajah,500,122,130,69,80,69,30,Steel
880,Dracozolt,505,90,100,90,80,70,75,Electric
881,Arctozolt,505,90,100,90,90,80,55,Electric
882,Dracovish,505,90,90,100,70,80,75,Water
883,Arctovish,505,90,90,100,80,90,55,Water
884,Duraludon,535,70,95,115,120,50,85,Steel
885,Dreepy,270,28,60,30,40,30,82,Dragon
886,Drakloak,410,68,80,50,60,50,102,Dragon
887,Dragapult,600,88,120,75,100,75,142,Dragon
888,Zacian  Hero of Many Battles,660,92,120,115,80,115,138,Fairy
888,Zacian  Crowned Sword,700,92,150,115,80,115,148,Fairy
889,Zamazenta  Hero of Many Battles,660,92,120,115,80,115,138,Fighting
889,Zamazenta  Crowned Shield,700,92,120,140,80,140,128,Fighting
890,Eternatus,690,140,85,95,145,95,130,Poison
890,Eternatus  Eternamax,1125,255,115,250,125,250,130,Poison
891,Kubfu,385,60,90,60,53,50,72,Fighting
892,Urshifu  Single Strike Style,550,100,130,100,63,60,97,Fighting
892,Urshifu  Rapid Strike Style,550,100,130,100,63,60,97,Fighting
893,Zarude,600,105,120,105,70,95,105,Dark
894,Regieleki,580,80,100,50,100,50,200,Electric
895,Regidrago,580,200,100,50,100,50,80,Dragon
896,Glastrier,580,100,145,130,65,110,30,Ice
897,Spectrier,580,100,65,60,145,80,130,Ghost
898,Calyrex,500,100,80,80,80,80,80,Psychic
898,Calyrex  Ice Rider,680,100,165,150,85,130,50,Psychic
898,Calyrex  Shadow Rider,680,100,85,80,165,100,150,Psychic
899,Wyrdeer,525,103,105,72,105,75,65,Normal
900,Kleavor,500,70,135,95,45,70,85,Bug
901,Ursaluna,550,130,140,105,45,80,50,Ground
901,Ursaluna  Bloodmoon,555,113,70,120,135,65,52,Ground
902,Basculegion  Male,530,120,112,65,80,75,78,Water
902,Basculegion  Female,530,120,92,65,100,75,78,Water
903,Sneasler,510,80,130,60,40,80,120,Fighting
904,Overqwil,510,85,115,95,65,65,85,Dark
905,Enamorus  Incarnate Forme,580,74,115,70,135,80,106,Fairy
905,Enamorus  Therian Forme,580,74,115,110,135,100,46,Fairy
906,Sprigatito,310,40,61,54,45,45,65,Grass
907,Floragato,410,61,80,63,60,63,83,Grass
908,Meowscarada,530,76,110,70,81,70,123,Grass
909,Fuecoco,310,67,45,59,63,40,36,Fire
910,Crocalor,411,81,55,78,90,58,49,Fire
911,Skeledirge,530,104,75,100,110,75,66,Fire
912,Quaxly,310,55,65,45,50,45,50,Water
913,Quaxwell,410,70,85,65,65,60,65,Water
914,Quaquaval,530,85,120,80,85,75,85,Water
915,Lechonk,254,54,45,40,35,45,35,Normal
916,Oinkologne  Male,489,110,100,75,59,80,65,Normal
916,Oinkologne  Female,489,115,90,70,59,90,65,Normal
917,Tarountula,210,35,41,45,29,40,20,Bug
918,Spidops,404,60,79,92,52,86,35,Bug
919,Nymble,210,33,46,40,21,25,45,Bug
920,Lokix,450,71,102,78,52,55,92,Bug
921,Pawmi,240,45,50,20,40,25,60,Electric
922,Pawmo,350,60,75,40,50,40,85,Electric
923,Pawmot,490,70,115,70,70,60,105,Electric
924,Tandemaus,305,50,50,45,40,45,75,Normal
925,Maushold  Family of Four,470,74,75,70,65,75,111,Normal
925,Maushold  Family of Three,470,74,75,70,65,75,111,Normal
926,Fidough,312,37,55,70,30,55,65,Fairy
927,Dachsbun,477,57,80,115,50,80,95,Fairy
928,Smoliv,260,41,35,45,58,51,30,Grass
929,Dolliv,354,52,53,60,78,78,33,Grass
930,Arboliva,510,78,69,90,125,109,39,Grass
931,Squawkabilly  Green Plumage,417,82,96,51,45,51,92,Normal
931,Squawkabilly  Blue Plumage,417,82,96,51,45,51,92,Normal
931,Squawkabilly  Yellow Plumage,417,82,96,51,45,51,92,Normal
931,Squawkabilly  White Plumage,417,82,96,51,45,51,92,Normal
932,Nacli,280,55,55,75,35,35,25,Rock
933,Naclstack,355,60,60,100,35,65,35,Rock
934,Garganacl,500,100,100,130,45,90,35,Rock
935,Charcadet,255,40,50,40,50,40,35,Fire
936,Armarouge,525,85,60,100,125,80,75,Fire
937,Ceruledge,525,75,125,80,60,100,85,Fire
938,Tadbulb,272,61,31,41,59,35,45,Electric
939,Bellibolt,495,109,64,91,103,83,45,Electric
940,Wattrel,280,40,40,35,55,40,70,Electric
941,Kilowattrel,490,70,70,60,105,60,125,Electric
942,Maschiff,340,60,78,60,40,51,51,Dark
943,Mabosstiff,505,80,120,90,60,70,85,Dark
944,Shroodle,290,40,65,35,40,35,75,Poison
945,Grafaiai,485,63,95,65,80,72,110,Poison
946,Bramblin,275,40,65,30,45,35,60,Grass
947,Brambleghast,480,55,115,70,80,70,90,Grass
948,Toedscool,335,40,40,35,50,100,70,Ground
949,Toedscruel,515,80,70,65,80,120,100,Ground
950,Klawf,450,70,100,115,35,55,75,Rock
951,Capsakid,304,50,62,40,62,40,50,Grass
952,Scovillain,486,65,108,65,108,65,75,Grass
953,Rellor,270,41,50,60,31,58,30,Bug
954,Rabsca,470,75,50,85,115,100,45,Bug
955,Flittle,255,30,35,30,55,30,75,Psychic
956,Espathra,481,95,60,60,101,60,105,Psychic
957,Tinkatink,297,50,45,45,35,64,58,Fairy
958,Tinkatuff,380,65,55,55,45,82,78,Fairy
959,Tinkaton,506,85,75,77,70,105,94,Fairy
960,Wiglett,245,10,55,25,35,25,95,Water
961,Wugtrio,425,35,100,50,50,70,120,Water
962,Bombirdier,485,70,103,85,60,85,82,Flying
963,Finizen,315,70,45,40,45,40,75,Water
964,Palafin  Zero Form,457,100,70,72,53,62,100,Water
964,Palafin  Hero Form,650,100,160,97,106,87,100,Water
965,Varoom,300,45,70,63,30,45,47,Steel
966,Revavroom,500,80,119,90,54,67,90,Steel
967,Cyclizar,501,70,95,65,85,65,121,Dragon
968,Orthworm,480,70,85,145,60,55,65,Steel
969,Glimmet,350,48,35,42,105,60,60,Rock
970,Glimmora,525,83,55,90,130,81,86,Rock
971,Greavard,290,50,61,60,30,55,34,Ghost
972,Houndstone,488,72,101,100,50,97,68,Ghost
973,Flamigo,500,82,115,74,75,64,90,Flying
974,Cetoddle,334,108,68,45,30,40,43,Ice
975,Cetitan,521,170,113,65,45,55,73,Ice
976,Veluza,478,90,102,73,78,65,70,Water
977,Dondozo,530,150,100,115,65,65,35,Water
978,Tatsugiri  Curly Form,475,68,50,60,120,95,82,Dragon
978,Tatsugiri  Droopy Form,475,68,50,60,120,95,82,Dragon
978,Tatsugiri  Stretchy Form,475,68,50,60,120,95,82,Dragon
979,Annihilape,535,110,115,80,50,90,90,Fighting
980,Clodsire,430,130,75,60,45,100,20,Poison
981,Farigiraf,520,120,90,70,110,70,60,Normal
982,Dudunsparce  Two-Segment Form,520,125,100,80,85,75,55,Normal
982,Dudunsparce  Three-Segment Form,520,125,100,80,85,75,55,Normal
983,Kingambit,550,100,135,120,60,85,50,Dark
984,Great Tusk,570,115,131,131,53,53,87,Ground
985,Scream Tail,570,115,65,99,65,115,111,Fairy
986,Brute Bonnet,570,111,127,99,79,99,55,Grass
987,Flutter Mane,570,55,55,55,135,135,135,Ghost
988,Slither Wing,570,85,135,79,85,105,81,Bug
989,Sandy Shocks,570,85,81,97,121,85,101,Electric
990,Iron Treads,570,90,112,120,72,70,106,Ground
991,Iron Bundle,570,56,80,114,124,60,136,Ice
992,Iron Hands,570,154,140,108,50,68,50,Fighting
993,Iron Jugulis,570,94,80,86,122,80,108,Dark
994,Iron Moth,570,80,70,60,140,110,110,Fire
995,Iron Thorns,570,100,134,110,70,84,72,Rock
996,Frigibax,320,65,75,45,35,45,55,Dragon
997,Arctibax,423,90,95,66,45,65,62,Dragon
998,Baxcalibur,600,115,145,92,75,86,87,Dragon
999,Gimmighoul  Chest Form,300,45,30,70,75,70,10,Ghost
999,Gimmighoul  Roaming Form,300,45,30,25,75,45,80,Ghost
1000,Gholdengo,550,87,60,95,133,91,84,Steel
1001,Wo-Chien,570,85,85,100,95,135,70,Dark
1002,Chien-Pao,570,80,120,80,90,65,135,Dark
1003,Ting-Lu,570,155,110,125,55,80,45,Dark
1004,Chi-Yu,570,55,80,80,135,120,100,Dark
1005,Roaring Moon,590,105,139,71,55,101,119,Dragon
1006,Iron Valiant,590,74,130,90,120,60,116,Fairy
1007,Koraidon,670,100,135,115,85,100,135,Fighting
1008,Miraidon,670,100,85,100,135,115,135,Electric
1009,Walking Wake,590,99,83,91,125,83,109,Water
1010,Iron Leaves,590,90,130,88,70,108,104,Grass
1011,Dipplin,485,80,80,110,95,80,40,Grass
1012,Poltchageist,308,40,45,45,74,54,50,Grass
1013,Sinistcha,508,71,60,106,121,80,70,Grass
1014,Okidogi,555,88,128,115,58,86,80,Poison
1015,Munkidori,555,88,75,66,130,90,106,Poison
1016,Fezandipiti,555,88,91,82,70,125,99,Poison
1017,Ogerpon  Teal Mask,550,80,120,84,60,96,110,Grass
1017,Ogerpon  Wellspring Mask,550,80,120,84,60,96,110,Grass
1017,Ogerpon  Hearthflame Mask,550,80,120,84,60,96,110,Grass
1017,Ogerpon  Cornerstone Mask,550,80,120,84,60,96,110,Grass
1018,Archaludon,600,90,105,130,125,65,85,Steel
1019,Hydrapple,540,106,80,110,120,80,44,Grass
1020,Gouging Fire,590,105,115,121,65,93,91,Fire
1021,Raging Bolt,590,125,73,91,137,89,75,Electric
1022,Iron Boulder,590,90,120,80,68,108,124,Rock
1023,Iron Crown,590,90,72,100,122,108,98,Steel
1024,Terapagos  Normal Form,450,90,65,85,65,85,60,Normal
1024,Terapagos  Terastal Form,600,95,95,110,105,110,85,Normal
1024,Terapagos  Stellar Form,700,160,105,110,130,110,85,Normal
1025,Pecharunt,600,88,88,160,88,88,88,Poison
