Coin,Price,1h,24h,7d,30d,24h Volume,Market Cap,FDV,Market Cap / FDV
BitcoinBTC,120512.0,0.4,1.5,4.9,2.9,54346483203.0,2398650621943,2398650621943,1.0
EthereumETH,4346.32,1.3,2.8,19.4,49.2,36287364448.0,524326176431,524326176431,1.0
XRPXRP,3.21,0.8,0.4,5.7,16.1,6648510551.0,190241185840,320720791470,0.59
TetherUSDT,0.9999,0.0,0.0,0.0,0.0,107128887153.0,164515160286,164515160286,1.0
BNBBNB,808.9,0.9,0.9,6.4,18.7,1622326073.0,112572455702,112572455702,1.0
SolanaSOL,180.1,0.5,-1.0,8.8,13.8,5555508781.0,97430353535,109645656914,0.89
USDCUSDC,0.9998,0.0,0.0,0.0,0.0,16934078896.0,65041132883,65204592964,1.0
Lido Staked EtherSTETH,4334.34,1.1,2.7,19.0,48.8,118572234.0,38439458782,38439489053,1.0
DogecoinDOGE,0.2325,1.4,-0.5,14.0,20.4,2339006709.0,34971593424,34984573532,1.0
TRONTRX,0.345,0.6,1.2,3.8,15.8,815364149.0,32667004338,32666996820,1.0
CardanoADA,0.797,1.0,-0.9,6.9,15.2,1506411673.0,28864687102,35894258211,0.8
Wrapped stETHWSTETH,5259.31,1.1,2.9,19.4,49.4,117266918.0,16974116014,16972891678,1.0
Wrapped BitcoinWBTC,120476.0,0.5,1.6,5.1,3.1,288757936.0,15310678856,15310678856,1.0
HyperliquidHYPE,44.8,1.2,-0.2,17.2,1.3,261998513.0,14957212160,44805144192,0.33
ChainlinkLINK,21.98,1.0,-1.9,30.1,48.6,1245355964.0,14888255110,21955840966,0.68
StellarXLM,0.4445,0.8,0.2,8.3,18.3,476084721.0,13903133379,22222476164,0.63
Wrapped Beacon ETHWBETH,4682.46,1.5,3.1,19.6,50.0,16512721.0,13879531728,13879531728,1.0
SuiSUI,3.75,1.2,-3.3,7.2,13.0,1518688231.0,13171397258,37504785012,0.35
Wrapped eETHWEETH,4658.77,1.3,2.7,19.2,49.2,16611725.0,12155818835,12155840814,1.0
Bitcoin CashBCH,587.77,0.2,2.6,2.1,16.4,399453426.0,11704791010,11704791010,1.0
HederaHBAR,0.2543,0.8,-2.0,1.8,32.5,294917784.0,10783630672,12718742611,0.85
WETHWETH,4341.96,1.2,2.7,19.1,49.0,321350528.0,10630714652,10628705417,1.0
Ethena USDeUSDE,1.0,0.0,0.0,0.0,0.1,393226527.0,10345238396,10346100057,1.0
AvalancheAVAX,23.85,1.3,-0.2,6.5,17.5,569341066.0,10063956480,10917221461,0.92
LitecoinLTC,125.35,1.3,0.5,5.7,36.3,1211295579.0,9545932977,9545936110,1.0
ToncoinTON,3.39,0.9,1.5,0.8,16.4,239968586.0,8704416223,17427308725,0.5
LEO TokenLEO,9.0,0.0,-0.4,0.2,0.7,3294691.0,8304797020,8864399682,0.94
USDSUSDS,0.9992,0.0,0.0,0.0,0.0,16751018.0,7890975161,7917471402,1.0
Shiba InuSHIB,1.334e-05,1.5,-1.4,8.3,3.5,251211466.0,7858338086,7861736924,1.0
UniswapUNI,11.44,5.8,2.9,14.5,39.1,767514711.0,6860004812,11424143515,0.6
Binance Bridged USDT (BNB Smart Chain)BSC-USD,1.0,0.3,0.3,0.3,0.3,2271818226.0,6789988697,6789988697,1.0
WhiteBIT CoinWBT,45.45,0.5,0.9,5.5,2.0,83327839.0,6550282095,14679548742,0.45
Coinbase Wrapped BTCCBBTC,120532.0,0.4,1.5,5.0,3.1,587641038.0,6471298826,6474496031,1.0
PolkadotDOT,3.98,1.2,-2.0,7.9,4.2,286764167.0,6055030848,6055030848,1.0
CronosCRO,0.1694,0.0,4.6,22.2,69.5,66453964.0,5474398426,16553885810,0.33
EthenaENA,0.8142,0.8,3.1,31.2,158.7,1515238076.0,5404763119,12242974504,0.44
Ethena Staked USDeSUSDE,1.19,0.0,-0.1,-0.1,0.7,56027104.0,5134418207,5134418207,1.0
Bitget TokenBGB,4.45,0.7,-0.3,2.1,2.5,108141291.0,5065455685,5065455685,1.0
MoneroXMR,273.44,0.8,3.2,-11.8,16.1,103763186.0,5044110447,5044110447,1.0
PepePEPE,1.178e-05,1.5,-1.8,11.7,1.3,864646964.0,4953289578,4953289578,1.0
AaveAAVE,299.44,1.0,-2.3,12.8,1.5,517378177.0,4551260269,4787329339,0.95
DaiDAI,1.0,0.0,0.0,0.0,0.0,90678119.0,3870368947,3896896925,0.99
BittensorTAO,375.56,1.0,-3.7,5.1,0.1,128529900.0,3602461122,7882443814,0.46
Ethereum ClassicETC,23.02,2.0,-0.8,12.5,27.2,150846874.0,3523521960,3523521960,1.0
MantleMNT,1.0,0.5,-2.5,17.4,58.5,255273525.0,3388421910,6261127953,0.54
NEAR ProtocolNEAR,2.7,1.4,-1.4,7.4,11.4,244461742.0,3347987692,3409476745,0.98
OndoONDO,1.02,2.0,-0.8,9.5,19.3,182579952.0,3228722852,10220363893,0.32
AptosAPT,4.71,1.3,0.0,9.9,0.1,488081721.0,3169554031,5509960972,0.58
Pi NetworkPI,0.3998,-1.0,1.8,12.0,13.2,131474097.0,3132869450,4819799154,0.65
Internet ComputerICP,5.6,1.9,-1.0,7.9,6.6,91371222.0,3001218034,3001218034,1.0
OKBOKB,46.39,0.2,0.0,-0.4,4.2,8327954.0,2783964786,10948298114,0.25
Jito Staked SOLJITOSOL,219.98,0.8,-1.1,9.0,14.4,43788319.0,2738411705,2738698167,1.0
Binance-Peg WETHWETH,4359.21,1.7,3.1,19.4,49.5,81152318.0,2634891612,2634891612,1.0
KaspaKAS,0.09408,2.1,0.5,6.3,14.9,62159602.0,2481805383,2500611004,0.99
Pudgy PenguinsPENGU,0.03822,0.3,-2.0,7.3,75.5,679787232.0,2410513761,3042850894,0.79
ArbitrumARB,0.4562,1.1,-1.1,14.3,18.6,403492759.0,2350215057,4563312052,0.52
BlackRock USD Institutional Digital Liquidity FundBUIDL,1.0,0.0,0.0,0.0,0.0,0.0,2287616882,2287616882,1.0
AlgorandALGO,0.262,1.0,-1.4,7.1,22.7,134863506.0,2282192105,2282228959,1.0
USD1USD1,1.0,0.1,0.1,0.2,0.1,485711685.0,2205960747,2206147706,1.0
POL (ex-MATIC)POL,0.2429,1.1,0.1,18.5,6.3,109675046.0,2198922145,2547087404,0.86
VeChainVET,0.02487,1.2,-1.4,7.2,7.0,55276932.0,2139929325,2139929325,1.0
Cosmos HubATOM,4.62,1.3,-1.2,8.4,2.1,123346432.0,2137886743,2137886743,1.0
BonkBONK,2.649e-05,1.8,-2.0,0.4,13.8,498796461.0,2051202401,2331403441,0.88
Rocket Pool ETHRETH,4938.54,1.3,2.6,19.3,47.8,16361101.0,2041310870,2041310870,1.0
RenderRENDER,3.89,1.6,-1.0,7.4,11.5,90892327.0,2015473964,2072889700,0.97
GateGT,16.69,0.3,-0.4,-1.5,5.3,10431331.0,1992579870,5004600632,0.4
FasttokenFTN,4.58,-0.1,0.7,-0.1,2.3,63137374.0,1975980307,3988495907,0.5
Kelp DAO Restaked ETHRSETH,4557.3,1.4,2.8,18.9,49.2,2223865.0,1945496134,1945496134,1.0
WorldcoinWLD,1.04,1.3,-2.5,5.0,4.1,202492879.0,1930241350,10407388000,0.19
StoryIP,6.4,-1.7,-4.7,7.9,52.8,134670608.0,1908071663,6520255504,0.29
sUSDSSUSDS,1.06,0.0,0.0,0.1,0.4,52760422.0,1881504591,1882246562,1.0
Binance Staked SOLBNSOL,193.26,1.7,-0.2,9.4,15.1,6520376.0,1868772076,1868772076,1.0
Artificial Superintelligence AllianceFET,0.7131,2.0,0.3,9.4,3.8,112383080.0,1856781955,1934856955,0.96
SkySKY,0.08667,1.2,-0.9,6.2,14.5,4616530.0,1833906712,2026008190,0.91
SeiSEI,0.3165,1.5,-2.2,6.1,1.1,192250939.0,1831884019,3168359782,0.58
Official TrumpTRUMP,9.03,0.5,-3.0,1.5,4.2,505366548.0,1810069357,9050348002,0.2
Jupiter Perpetuals Liquidity Provider TokenJLP,5.15,0.4,0.1,4.9,10.2,58444961.0,1802698180,1802593535,1.0
FilecoinFIL,2.56,1.4,-1.8,7.3,3.2,233598339.0,1748139471,5009150885,0.35
SPX6900SPX,1.83,-0.2,-3.6,12.6,21.6,75404512.0,1710679469,1710679469,1.0
Lombard Staked BTCLBTC,120788.0,0.7,1.8,5.5,3.2,15534655.0,1647721705,1647721705,1.0
QuantQNT,113.26,1.3,-0.4,0.5,2.2,19444320.0,1647223517,1654960847,1.0
StakeWise Staked ETHOSETH,4568.95,1.3,2.7,18.6,49.2,2735139.0,1638764710,1638764710,1.0
FlareFLR,0.02267,0.5,0.0,-5.3,35.3,9881097.0,1623593444,2352185692,0.69
JupiterJUP,0.5177,2.0,-1.0,9.8,12.7,90439064.0,1583718330,3624519298,0.44
Liquid Staked ETHLSETH,4659.82,0.3,2.9,18.0,48.1,2093277.0,1570049850,1570049850,1.0
Mantle Staked EtherMETH,4628.95,1.4,2.4,18.4,48.6,3536196.0,1551960664,1551960664,1.0
KuCoinKCS,11.94,0.4,1.1,12.5,5.0,2690251.0,1527042316,1706804419,0.89
USDtbUSDTB,0.9998,0.0,0.0,0.0,0.0,3524525.0,1462759378,1462759378,1.0
XDC NetworkXDC,0.08825,0.2,-2.0,-8.3,29.0,45857945.0,1432287261,3354175360,0.43
Lido DAOLDO,1.58,3.1,14.6,68.6,98.1,536308979.0,1411751950,1575811474,0.9
InjectiveINJ,14.21,1.4,-0.7,6.3,18.5,136322186.0,1388065950,1420347315,0.98
NEXONEXO,1.37,0.1,1.1,3.2,8.5,16583188.0,1373801878,1373801878,1.0
USDT0USDT0,0.9997,0.0,0.1,0.0,0.0,421024079.0,1363264328,185913986532,0.01
OptimismOP,0.7778,1.8,0.0,12.8,23.9,236336368.0,1361652593,3337688248,0.41
Curve DAOCRV,0.9708,0.8,-0.8,5.9,60.0,289668990.0,1344459501,2225716810,0.6
StacksSTX,0.7532,1.1,0.4,7.3,4.8,53451245.0,1344163553,1344163553,1.0
Provenance BlockchainHASH,0.02774,0.5,-6.7,2.7,2.1,1914.57,1328555867,2774202492,0.48
CelestiaTIA,1.79,0.9,-0.4,7.8,1.5,133279454.0,1328403630,2041589868,0.65
Renzo Restaked ETHEZETH,4578.2,1.3,2.9,19.5,49.3,4778437.0,1321286414,1321286414,1.0
First Digital USDFDUSD,1.0,0.6,0.5,0.5,0.5,8824326667.0,1316151809,1316151809,1.0
